Workbook

Sheet 🏆 Leaderboard
A1: 🏆 Leaderboard
A2: ="👥 "&COUNTA(B4:B100)&" spelare • 🏆 Ledande poäng: "&MAX(D4:D100) -> 👥 14 spelare • 🏆 Ledande poäng: 244
A3: Placering | B3: Namn2 | C3: Namn | D3: Poäng
A4: =IF(D4="","",RANK(D4,$D$4:$D$23,0)) -> 1 | B4: Gina | C4: =IF(A4<=3,CHOOSE(A4,"🏆 ","🥈 ","🥉 ")&B4,B4) -> 🏆 Gina | D4: =Gina!B116 -> 244
A5: =IF(D5="","",RANK(D5,$D$4:$D$23,0)) -> 2 | B5: Erik | C5: =IF(A5<=3,CHOOSE(A5,"🏆 ","🥈 ","🥉 ")&B5,B5) -> 🥈 Erik | D5: =Erik!B116 -> 230
A6: =IF(D6="","",RANK(D6,$D$4:$D$23,0)) -> 3 | B6: Petra | C6: =IF(A6<=3,CHOOSE(A6,"🏆 ","🥈 ","🥉 ")&B6,B6) -> 🥉 Petra | D6: =Petra!B116 -> 226
A7: =IF(D7="","",RANK(D7,$D$4:$D$23,0)) -> 4 | B7: ChatGPT | C7: =IF(A7<=3,CHOOSE(A7,"🏆 ","🥈 ","🥉 ")&B7,B7) -> ChatGPT | D7: =Chatgpt!B116 -> 224
A8: =IF(D8="","",RANK(D8,$D$4:$D$23,0)) -> 5 | B8: Mika | C8: =IF(A8<=3,CHOOSE(A8,"🏆 ","🥈 ","🥉 ")&B8,B8) -> Mika | D8: =Mika!B116 -> 222
A9: =IF(D9="","",RANK(D9,$D$4:$D$23,0)) -> 6 | B9: Kristian | C9: =IF(A9<=3,CHOOSE(A9,"🏆 ","🥈 ","🥉 ")&B9,B9) -> Kristian | D9: =Kristian!B116 -> 220
A10: =IF(D10="","",RANK(D10,$D$4:$D$23,0)) -> 7 | B10: Mli | C10: =IF(A10<=3,CHOOSE(A10,"🏆 ","🥈 ","🥉 ")&B10,B10) -> Mli | D10: =Mli!B116 -> 214
A11: =IF(D11="","",RANK(D11,$D$4:$D$23,0)) -> 8 | B11: Lasse P | C11: =IF(A11<=3,CHOOSE(A11,"🏆 ","🥈 ","🥉 ")&B11,B11) -> Lasse P | D11: =Lasse!B116 -> 210
A12: =IF(D12="","",RANK(D12,$D$4:$D$23,0)) -> 9 | B12: Gordon | C12: =IF(A12<=3,CHOOSE(A12,"🏆 ","🥈 ","🥉 ")&B12,B12) -> Gordon | D12: =Gordon!B116 -> 208
A13: =IF(D13="","",RANK(D13,$D$4:$D$23,0)) -> 10 | B13: Christofer | C13: =IF(A13<=3,CHOOSE(A13,"🏆 ","🥈 ","🥉 ")&B13,B13) -> Christofer | D13: =Christofer!B116 -> 204
A14: =IF(D14="","",RANK(D14,$D$4:$D$23,0)) -> 10 | B14: Yazmine | C14: =IF(A14<=3,CHOOSE(A14,"🏆 ","🥈 ","🥉 ")&B14,B14) -> Yazmine | D14: =yazmine!B116 -> 204
A15: =IF(D15="","",RANK(D15,$D$4:$D$23,0)) -> 12 | B15: Fredde L | C15: =IF(A15<=3,CHOOSE(A15,"🏆 ","🥈 ","🥉 ")&B15,B15) -> Fredde L | D15: =Fredde!B116 -> 180
A16: =IF(D16="","",RANK(D16,$D$4:$D$23,0)) -> 13 | B16: Jeppe | C16: =IF(A16<=3,CHOOSE(A16,"🏆 ","🥈 ","🥉 ")&B16,B16) -> Jeppe | D16: =Jeppe!B116 -> 178
A17: =IF(D17="","",RANK(D17,$D$4:$D$23,0)) -> 14 | B17: Elliott | C17: =IF(A17<=3,CHOOSE(A17,"🏆 ","🥈 ","🥉 ")&B17,B17) -> Elliott | D17: =Elliott!B116 -> 142
A18: =IF(D18="","",RANK(D18,$D$4:$D$23,0))
A19: =IF(D19="","",RANK(D19,$D$4:$D$23,0))
A20: =IF(D20="","",RANK(D20,$D$4:$D$23,0))
A21: =IF(D21="","",RANK(D21,$D$4:$D$23,0))
A22: =IF(D22="","",RANK(D22,$D$4:$D$23,0))
A23: =IF(D23="","",RANK(D23,$D$4:$D$23,0))

Sheet ⚽ Match Center
A1: ⚽ MATCH CENTER | BT1: Matchdatum
BS2: {=_xlfn._xlws.SORT(BT2:BT108)} -> 46184 | BT2: 46184
A3: 📅 Matchdag: | B3: 46198 | BS3: 46185 | BT3: 46185
BS4: 46185 | BT4: 46191
BS5: 46186 | BT5: 46192
BS6: 46186 | BT6: 46198
A7: Match 1 | D7: Match 3 | BS7: 46187 | BT7: 46198
A8: ="⚽ "&INDEX(_xlfn.ANCHORARRAY($AD$9),1) -> ⚽ Tjeckien - Mexico | D8: =IFERROR("⚽ "&INDEX(_xlfn.ANCHORARRAY($AD$9),3),"") -> ⚽ Skottland - Brasilien | AB8: Matchnr | AC8: Tid | AD8: Match | BS8: 46187 | BT8: 46185
A9: ="🕒 "&TEXT(INDEX(_xlfn.ANCHORARRAY($AC$9),1),"tt:mm") -> 🕒 03:00 | D9: =IFERROR("🕒 "&TEXT(INDEX(_xlfn.ANCHORARRAY($AC$9),3),"tt:mm"),"") -> 🕒 00:00 | AB9: {=_xlfn._xlws.FILTER('📊 Resultat & Tabell'!C5:C109,'📊 Resultat & Tabell'!D5:D109=$B$3)} -> 5 | AC9: {=_xlfn._xlws.FILTER('📊 Resultat & Tabell'!E5:E109,'📊 Resultat & Tabell'!D5:D109=$B$3)} -> 0.125 | AD9: {=_xlfn._xlws.FILTER('📊 Resultat & Tabell'!I5:I109&" - "&'📊 Resultat & Tabell'!J5:J109,'📊 Resultat & Tabell'!D5:D109=$B$3)} -> Tjeckien - Mexico | AE9: Gordon | AF9: {=IFERROR(_xlfn.XLOOKUP($AB$9,INDIRECT("'"&AE9&"'!$A$4:$A$107"),INDIRECT("'"&AE9&"'!$F$4:$F$107"))&"-"&_xlfn.XLOOKUP($AB$9,INDIRECT("'"&AE9&"'!$A$4:$A$107"),INDIRECT("'"&AE9&"'!$G$4:$G$107")),"")} -> 1-2 | BS9: 46187 | BT9: 46186
AB10: 6 | AC10: 0.125 | AD10: South Africa - Sydkorea | AE10: Jeppe | AF10: {=IFERROR(_xlfn.XLOOKUP($AB$9,INDIRECT("'"&AE9&"'!$A$4:$A$107"),INDIRECT("'"&AE9&"'!$F$4:$F$107"))&"-"&_xlfn.XLOOKUP($AB$9,INDIRECT("'"&AE9&"'!$A$4:$A$107"),INDIRECT("'"&AE9&"'!$G$4:$G$107")),"")} -> 1-2 | BS10: 46187 | BT10: 46191
A11: Christofer | B11: =_xlfn.XLOOKUP($AB9,Christofer!$A$4:$A$107,Christofer!$F$4:$F$107)&"-"&_xlfn.XLOOKUP($AB9,Christofer!$A$4:$A$107,Christofer!$G$4:$G$107) -> 0-1 | D11: Christofer | E11: =IFERROR(_xlfn.XLOOKUP($AB11,Christofer!$A$4:$A$107,Christofer!$F$4:$F$107)&"-"&_xlfn.XLOOKUP($AB11,Christofer!$A$4:$A$107,Christofer!$G$4:$G$107),"") -> 1-2 | AB11: 17 | AC11: 0 | AD11: Skottland - Brasilien | AE11: Christofer | AF11: {=IFERROR(_xlfn.XLOOKUP($AB$9,INDIRECT("'"&AE9&"'!$A$4:$A$107"),INDIRECT("'"&AE9&"'!$F$4:$F$107"))&"-"&_xlfn.XLOOKUP($AB$9,INDIRECT("'"&AE9&"'!$A$4:$A$107"),INDIRECT("'"&AE9&"'!$G$4:$G$107")),"")} -> 1-2 | BS11: 46187 | BT11: 46192
A12: ChatGPT | B12: =_xlfn.XLOOKUP($AB9,Chatgpt!$A$4:$A$107,Chatgpt!$F$4:$F$107)&"-"&_xlfn.XLOOKUP($AB9,Chatgpt!$A$4:$A$107,Chatgpt!$G$4:$G$107) -> 1-1 | D12: ChatGPT | E12: =IFERROR(_xlfn.XLOOKUP($AB11,Chatgpt!$A$4:$A$107,Chatgpt!$F$4:$F$107)&"-"&_xlfn.XLOOKUP($AB11,Chatgpt!$A$4:$A$107,Chatgpt!$G$4:$G$107),"") -> 1-2 | AB12: 18 | AC12: 0 | AD12: Marocko - Haiti | AE12: Chatgpt | AF12: {=IFERROR(_xlfn.XLOOKUP($AB$9,INDIRECT("'"&AE9&"'!$A$4:$A$107"),INDIRECT("'"&AE9&"'!$F$4:$F$107"))&"-"&_xlfn.XLOOKUP($AB$9,INDIRECT("'"&AE9&"'!$A$4:$A$107"),INDIRECT("'"&AE9&"'!$G$4:$G$107")),"")} -> 1-2 | BS12: 46188 | BT12: 46197
A13: Mika | B13: =_xlfn.XLOOKUP($AB9,Mika!$A$4:$A$107,Mika!$F$4:$F$107)&"-"&_xlfn.XLOOKUP($AB9,Mika!$A$4:$A$107,Mika!$G$4:$G$107) -> 1-1 | D13: Mika | E13: =IFERROR(_xlfn.XLOOKUP($AB11,Mika!$A$4:$A$107,Mika!$F$4:$F$107)&"-"&_xlfn.XLOOKUP($AB11,Mika!$A$4:$A$107,Mika!$G$4:$G$107),"") -> 0-2 | AB13: 29 | AC13: 0.91666667 | AD13: Ecuador - Tyskland | AE13: yazmine | AF13: {=IFERROR(_xlfn.XLOOKUP($AB$9,INDIRECT("'"&AE9&"'!$A$4:$A$107"),INDIRECT("'"&AE9&"'!$F$4:$F$107"))&"-"&_xlfn.XLOOKUP($AB$9,INDIRECT("'"&AE9&"'!$A$4:$A$107"),INDIRECT("'"&AE9&"'!$G$4:$G$107")),"")} -> 1-2 | BS13: 46188 | BT13: 46197
A14: Erik | B14: =_xlfn.XLOOKUP($AB9,Erik!$A$4:$A$107,Erik!$F$4:$F$107)&"-"&_xlfn.XLOOKUP($AB9,Erik!$A$4:$A$107,Erik!$G$4:$G$107) -> 1-1 | D14: Erik | E14: =IFERROR(_xlfn.XLOOKUP($AB11,Erik!$A$4:$A$107,Erik!$F$4:$F$107)&"-"&_xlfn.XLOOKUP($AB9,Erik!$A$4:$A$107,Erik!$G$4:$G$107),"") -> 1-1 | AB14: 30 | AC14: 0.91666667 | AD14: Curaçao - Elfenbenskusten | AE14: Mli | AF14: {=IFERROR(_xlfn.XLOOKUP($AB$9,INDIRECT("'"&AE9&"'!$A$4:$A$107"),INDIRECT("'"&AE9&"'!$F$4:$F$107"))&"-"&_xlfn.XLOOKUP($AB$9,INDIRECT("'"&AE9&"'!$A$4:$A$107"),INDIRECT("'"&AE9&"'!$G$4:$G$107")),"")} -> 1-2 | BS14: 46188 | BT14: 46187
A15: Gina | B15: =_xlfn.XLOOKUP($AB9,Gina!$A$4:$A$107,Gina!$F$4:$F$107)&"-"&_xlfn.XLOOKUP($AB9,Gina!$A$4:$A$107,Gina!$G$4:$G$107) -> 1-2 | D15: Gina | E15: =IFERROR(_xlfn.XLOOKUP($AB11,Gina!$A$4:$A$107,Gina!$F$4:$F$107)&"-"&_xlfn.XLOOKUP($AB11,Gina!$A$4:$A$107,Gina!$G$4:$G$107),"") -> 1-3 | AE15: Mika | AF15: {=IFERROR(_xlfn.XLOOKUP($AB$9,INDIRECT("'"&AE9&"'!$A$4:$A$107"),INDIRECT("'"&AE9&"'!$F$4:$F$107"))&"-"&_xlfn.XLOOKUP($AB$9,INDIRECT("'"&AE9&"'!$A$4:$A$107"),INDIRECT("'"&AE9&"'!$G$4:$G$107")),"")} -> 1-2 | BS15: 46188 | BT15: 46187
A16: Yazmine | B16: =_xlfn.XLOOKUP($AB9,yazmine!$A$4:$A$107,yazmine!$F$4:$F$107)&"-"&_xlfn.XLOOKUP($AB9,yazmine!$A$4:$A$107,yazmine!$G$4:$G$107) -> 2-1 | D16: Yazmine | E16: =IFERROR(_xlfn.XLOOKUP($AB11,yazmine!$A$4:$A$107,yazmine!$F$4:$F$107)&"-"&_xlfn.XLOOKUP($AB9,yazmine!$A$4:$A$107,yazmine!$G$4:$G$107),"") -> 2-1 | AE16: Erik | AF16: {=IFERROR(_xlfn.XLOOKUP($AB$9,INDIRECT("'"&AE9&"'!$A$4:$A$107"),INDIRECT("'"&AE9&"'!$F$4:$F$107"))&"-"&_xlfn.XLOOKUP($AB$9,INDIRECT("'"&AE9&"'!$A$4:$A$107"),INDIRECT("'"&AE9&"'!$G$4:$G$107")),"")} -> 1-2 | BS16: 46189 | BT16: 46193
A17: Lasse P | B17: =_xlfn.XLOOKUP($AB9,Lasse!$A$4:$A$107,Lasse!$F$4:$F$107)&"-"&_xlfn.XLOOKUP($AB9,Lasse!$A$4:$A$107,Lasse!$G$4:$G$107) -> 1-2 | D17: Lasse P | E17: =IFERROR(_xlfn.XLOOKUP($AB11,Lasse!$A$4:$A$107,Lasse!$F$4:$F$107)&"-"&_xlfn.XLOOKUP($AB9,Lasse!$A$4:$A$107,Lasse!$G$4:$G$107),"") -> 1-2 | AE17: Elliott | AF17: {=IFERROR(_xlfn.XLOOKUP($AB$9,INDIRECT("'"&AE9&"'!$A$4:$A$107"),INDIRECT("'"&AE9&"'!$F$4:$F$107"))&"-"&_xlfn.XLOOKUP($AB$9,INDIRECT("'"&AE9&"'!$A$4:$A$107"),INDIRECT("'"&AE9&"'!$G$4:$G$107")),"")} -> 1-2 | BS17: 46189 | BT17: 46193
A18: Mli | B18: =_xlfn.XLOOKUP($AB9,Mli!$A$4:$A$107,Mli!$F$4:$F$107)&"-"&_xlfn.XLOOKUP($AB9,Mli!$A$4:$A$107,Mli!$G$4:$G$107) -> 1-1 | D18: Mli | E18: =IFERROR(_xlfn.XLOOKUP($AB11,Mli!$A$4:$A$107,Mli!$F$4:$F$107)&"-"&_xlfn.XLOOKUP($AB9,Mli!$A$4:$A$107,Mli!$G$4:$G$107),"") -> 1-1 | AE18: Petra | AF18: {=IFERROR(_xlfn.XLOOKUP($AB$9,INDIRECT("'"&AE9&"'!$A$4:$A$107"),INDIRECT("'"&AE9&"'!$F$4:$F$107"))&"-"&_xlfn.XLOOKUP($AB$9,INDIRECT("'"&AE9&"'!$A$4:$A$107"),INDIRECT("'"&AE9&"'!$G$4:$G$107")),"")} -> 1-2 | BS18: 46189 | BT18: 46198
A19: Gordon | B19: =_xlfn.XLOOKUP($AB9,Gordon!$A$4:$A$107,Gordon!$F$4:$F$107)&"-"&_xlfn.XLOOKUP($AB9,Gordon!$A$4:$A$107,Gordon!$G$4:$G$107) -> 1-2 | D19: Gordon | E19: =IFERROR(_xlfn.XLOOKUP($AB11,Gordon!$A$4:$A$107,Gordon!$F$4:$F$107)&"-"&_xlfn.XLOOKUP($AB9,Gordon!$A$4:$A$107,Gordon!$G$4:$G$107),"") -> 1-2 | AE19: Lasse | AF19: {=IFERROR(_xlfn.XLOOKUP($AB$9,INDIRECT("'"&AE9&"'!$A$4:$A$107"),INDIRECT("'"&AE9&"'!$F$4:$F$107"))&"-"&_xlfn.XLOOKUP($AB$9,INDIRECT("'"&AE9&"'!$A$4:$A$107"),INDIRECT("'"&AE9&"'!$G$4:$G$107")),"")} -> 1-2 | BS19: 46190 | BT19: 46198
A20: Jeppe | B20: =_xlfn.XLOOKUP($AB9,Jeppe!$A$4:$A$107,Jeppe!$F$4:$F$107)&"-"&_xlfn.XLOOKUP($AB9,Jeppe!$A$4:$A$107,Jeppe!$G$4:$G$107) -> 2-2 | D20: Jeppe | E20: =IFERROR(_xlfn.XLOOKUP($AB11,Jeppe!$A$4:$A$107,Jeppe!$F$4:$F$107)&"-"&_xlfn.XLOOKUP($AB9,Jeppe!$A$4:$A$107,Jeppe!$G$4:$G$107),"") -> 2-2 | AE20: Gina | AF20: {=IFERROR(_xlfn.XLOOKUP($AB$9,INDIRECT("'"&AE9&"'!$A$4:$A$107"),INDIRECT("'"&AE9&"'!$F$4:$F$107"))&"-"&_xlfn.XLOOKUP($AB$9,INDIRECT("'"&AE9&"'!$A$4:$A$107"),INDIRECT("'"&AE9&"'!$G$4:$G$107")),"")} -> 1-2 | BS20: 46190 | BT20: 46186
A21: Kristian | B21: =_xlfn.XLOOKUP($AB9,Kristian!$A$4:$A$107,Kristian!$F$4:$F$107)&"-"&_xlfn.XLOOKUP($AB9,Kristian!$A$4:$A$107,Kristian!$G$4:$G$107) -> 1-1 | D21: Kristian | E21: =IFERROR(_xlfn.XLOOKUP($AB11,Kristian!$A$4:$A$107,Kristian!$F$4:$F$107)&"-"&_xlfn.XLOOKUP($AB9,Kristian!$A$4:$A$107,Kristian!$G$4:$G$107),"") -> 1-1 | AE21: Fredde | AF21: {=IFERROR(_xlfn.XLOOKUP($AB$9,INDIRECT("'"&AE9&"'!$A$4:$A$107"),INDIRECT("'"&AE9&"'!$F$4:$F$107"))&"-"&_xlfn.XLOOKUP($AB$9,INDIRECT("'"&AE9&"'!$A$4:$A$107"),INDIRECT("'"&AE9&"'!$G$4:$G$107")),"")} -> 1-2 | BS21: 46190 | BT21: 46187
A22: Elliott | B22: =_xlfn.XLOOKUP($AB9,Elliott!$A$4:$A$107,Elliott!$F$4:$F$107)&"-"&_xlfn.XLOOKUP($AB9,Elliott!$A$4:$A$107,Elliott!$G$4:$G$107) -> 1-2 | D22: Elliott | E22: =IFERROR(_xlfn.XLOOKUP($AB11,Elliott!$A$4:$A$107,Elliott!$F$4:$F$107)&"-"&_xlfn.XLOOKUP($AB9,Elliott!$A$4:$A$107,Elliott!$G$4:$G$107),"") -> 2-2 | AE22: Kristian | AF22: {=IFERROR(_xlfn.XLOOKUP($AB$9,INDIRECT("'"&AE9&"'!$A$4:$A$107"),INDIRECT("'"&AE9&"'!$F$4:$F$107"))&"-"&_xlfn.XLOOKUP($AB$9,INDIRECT("'"&AE9&"'!$A$4:$A$107"),INDIRECT("'"&AE9&"'!$G$4:$G$107")),"")} -> 1-2 | BS22: 46190 | BT22: 46193
A23: Fredde L | B23: =_xlfn.XLOOKUP($AB9,Fredde!$A$4:$A$107,Fredde!$F$4:$F$107)&"-"&_xlfn.XLOOKUP($AB9,Fredde!$A$4:$A$107,Fredde!$G$4:$G$107) -> 1-3 | D23: Fredde L | E23: =IFERROR(_xlfn.XLOOKUP($AB11,Fredde!$A$4:$A$107,Fredde!$F$4:$F$107)&"-"&_xlfn.XLOOKUP($AB9,Fredde!$A$4:$A$107,Fredde!$G$4:$G$107),"") -> 2-3 | BS23: 46190 | BT23: 46192
A24: Petra | B24: =_xlfn.XLOOKUP($AB9,Petra!$A$4:$A$107,Petra!$F$4:$F$107)&"-"&_xlfn.XLOOKUP($AB9,Petra!$A$4:$A$107,Petra!$G$4:$G$107) -> 2-3 | D24: Petra | E24: =IFERROR(_xlfn.XLOOKUP($AB11,Petra!$A$4:$A$107,Petra!$F$4:$F$107)&"-"&_xlfn.XLOOKUP($AB9,Petra!$A$4:$A$107,Petra!$G$4:$G$107),"") -> 0-3 | BS24: 46191 | BT24: 46199
BS25: 46191 | BT25: 46199
A26: {=IFERROR("🔥 Folkets tips: "&INDEX(B11:B24,MATCH(MAX(COUNTIF(B11:B24,B11:B24)),COUNTIF(B11:B24,B11:B24),0))&" ("&MAX(COUNTIF(B11:B24,B11:B24))&" personer)","")} -> 🔥 Folkets tips: 1-1 (5 personer) | D26: {=IFERROR("🔥 Folkets tips: "&INDEX(E11:E24,MATCH(MAX(COUNTIF(E11:E24,E11:E24)),COUNTIF(E11:E24,E11:E24),0))&" ("&MAX(COUNTIF(E11:E24,E11:E24))&" personer)","")} -> 🔥 Folkets tips: 1-2 (4 personer) | BS26: 46191 | BT26: 46187
BS27: 46191 | BT27: 46188
BS28: 46192
A29: Match 2 | D29: Match 4 | BS29: 46192 | BT29: 46194
A30: =IFERROR("⚽ "&INDEX(_xlfn.ANCHORARRAY($AD$9),2),"") -> ⚽ South Africa - Sydkorea | D30: =IFERROR("⚽ "&INDEX(_xlfn.ANCHORARRAY($AD$9),4),"") -> ⚽ Marocko - Haiti | BS30: 46192 | BT30: 46193
A31: =IFERROR("🕒 "&TEXT(INDEX(_xlfn.ANCHORARRAY($AC$9),2),"tt:mm"),"") -> 🕒 03:00 | D31: =IFERROR("🕒 "&TEXT(INDEX(_xlfn.ANCHORARRAY($AC$9),4),"tt:mm"),"") -> 🕒 00:00 | BS31: 46193 | BT31: 46198
BS32: 46193 | BT32: 46198
A33: Christofer | B33: =IFERROR(_xlfn.XLOOKUP($AB10,Christofer!$A$4:$A$107,Christofer!$F$4:$F$107)&"-"&_xlfn.XLOOKUP($AB10,Christofer!$A$4:$A$107,Christofer!$G$4:$G$107),"") -> 1-3 | D33: Christofer | E33: =IFERROR(_xlfn.XLOOKUP($AB12,Christofer!$A$4:$A$107,Christofer!$F$4:$F$107)&"-"&_xlfn.XLOOKUP($AB12,Christofer!$A$4:$A$107,Christofer!$G$4:$G$107),"") -> 2-0 | BS33: 46193 | BT33: 46187
A34: ChatGPT | B34: =IFERROR(_xlfn.XLOOKUP($AB10,Chatgpt!$A$4:$A$107,Chatgpt!$F$4:$F$107)&"-"&_xlfn.XLOOKUP($AB10,Chatgpt!$A$4:$A$107,Chatgpt!$G$4:$G$107),"") -> 2-1 | D34: ChatGPT | E34: =IFERROR(_xlfn.XLOOKUP($AB12,Chatgpt!$A$4:$A$107,Chatgpt!$F$4:$F$107)&"-"&_xlfn.XLOOKUP($AB12,Chatgpt!$A$4:$A$107,Chatgpt!$G$4:$G$107),"") -> 2-0 | BS34: 46193 | BT34: 46188
A35: Mika | B35: =IFERROR(_xlfn.XLOOKUP($AB10,Mika!$A$4:$A$107,Mika!$F$4:$F$107)&"-"&_xlfn.XLOOKUP($AB10,Mika!$A$4:$A$107,Mika!$G$4:$G$107),"") -> 0-2 | D35: Mika | E35: =IFERROR(_xlfn.XLOOKUP($AB12,Mika!$A$4:$A$107,Mika!$F$4:$F$107)&"-"&_xlfn.XLOOKUP($AB12,Mika!$A$4:$A$107,Mika!$G$4:$G$107),"") -> 2-0 | BS35: 46193 | BT35: 46194
A36: Erik | B36: =IFERROR(_xlfn.XLOOKUP($AB10,Erik!$A$4:$A$107,Erik!$F$4:$F$107)&"-"&_xlfn.XLOOKUP($AB10,Erik!$A$4:$A$107,Erik!$G$4:$G$107),"") -> 2-1 | D36: Erik | E36: =IFERROR(_xlfn.XLOOKUP($AB12,Erik!$A$4:$A$107,Erik!$F$4:$F$107)&"-"&_xlfn.XLOOKUP($AB12,Erik!$A$4:$A$107,Erik!$G$4:$G$107),"") -> 2-0 | BS36: 46194 | BT36: 46193
A37: Gina | B37: =IFERROR(_xlfn.XLOOKUP($AB10,Gina!$A$4:$A$107,Gina!$F$4:$F$107)&"-"&_xlfn.XLOOKUP($AB10,Gina!$A$4:$A$107,Gina!$G$4:$G$107),"") -> 1-1 | D37: Gina | E37: =IFERROR(_xlfn.XLOOKUP($AB12,Gina!$A$4:$A$107,Gina!$F$4:$F$107)&"-"&_xlfn.XLOOKUP($AB12,Gina!$A$4:$A$107,Gina!$G$4:$G$107),"") -> 3-0 | BS37: 46194 | BT37: 46199
A38: Yazmine | B38: =IFERROR(_xlfn.XLOOKUP($AB10,yazmine!$A$4:$A$107,yazmine!$F$4:$F$107)&"-"&_xlfn.XLOOKUP($AB10,yazmine!$A$4:$A$107,yazmine!$G$4:$G$107),"") -> 1-0 | D38: Yazmine | E38: =IFERROR(_xlfn.XLOOKUP($AB12,yazmine!$A$4:$A$107,yazmine!$F$4:$F$107)&"-"&_xlfn.XLOOKUP($AB12,yazmine!$A$4:$A$107,yazmine!$G$4:$G$107),"") -> 1-1 | BS38: 46194 | BT38: 46199
A39: Lasse P | B39: =IFERROR(_xlfn.XLOOKUP($AB10,Lasse!$A$4:$A$107,Lasse!$F$4:$F$107)&"-"&_xlfn.XLOOKUP($AB10,Lasse!$A$4:$A$107,Lasse!$G$4:$G$107),"") -> 1-2 | D39: Lasse P | E39: =IFERROR(_xlfn.XLOOKUP($AB12,Lasse!$A$4:$A$107,Lasse!$F$4:$F$107)&"-"&_xlfn.XLOOKUP($AB12,Lasse!$A$4:$A$107,Lasse!$G$4:$G$107),"") -> 2-0 | BS39: 46194 | BT39: 46188
A40: Mli | B40: =IFERROR(_xlfn.XLOOKUP($AB10,Mli!$A$4:$A$107,Mli!$F$4:$F$107)&"-"&_xlfn.XLOOKUP($AB10,Mli!$A$4:$A$107,Mli!$G$4:$G$107),"") -> 1-2 | D40: Mli | E40: =IFERROR(_xlfn.XLOOKUP($AB12,Mli!$A$4:$A$107,Mli!$F$4:$F$107)&"-"&_xlfn.XLOOKUP($AB12,Mli!$A$4:$A$107,Mli!$G$4:$G$107),"") -> 2-0 | BS40: 46195 | BT40: 46189
A41: Gordon | B41: =IFERROR(_xlfn.XLOOKUP($AB10,Gordon!$A$4:$A$107,Gordon!$F$4:$F$107)&"-"&_xlfn.XLOOKUP($AB10,Gordon!$A$4:$A$107,Gordon!$G$4:$G$107),"") -> 1-1 | D41: Gordon | E41: =IFERROR(_xlfn.XLOOKUP($AB12,Gordon!$A$4:$A$107,Gordon!$F$4:$F$107)&"-"&_xlfn.XLOOKUP($AB12,Gordon!$A$4:$A$107,Gordon!$G$4:$G$107),"") -> 3-0 | BS41: 46195 | BT41: 46195
A42: Jeppe | B42: =IFERROR(_xlfn.XLOOKUP($AB10,Jeppe!$A$4:$A$107,Jeppe!$F$4:$F$107)&"-"&_xlfn.XLOOKUP($AB10,Jeppe!$A$4:$A$107,Jeppe!$G$4:$G$107),"") -> 0-3 | D42: Jeppe | E42: =IFERROR(_xlfn.XLOOKUP($AB12,Jeppe!$A$4:$A$107,Jeppe!$F$4:$F$107)&"-"&_xlfn.XLOOKUP($AB12,Jeppe!$A$4:$A$107,Jeppe!$G$4:$G$107),"") -> 2-0 | BS42: 46195 | BT42: 46194
A43: Kristian | B43: =IFERROR(_xlfn.XLOOKUP($AB10,Kristian!$A$4:$A$107,Kristian!$F$4:$F$107)&"-"&_xlfn.XLOOKUP($AB10,Kristian!$A$4:$A$107,Kristian!$G$4:$G$107),"") -> 1-3 | D43: Kristian | E43: =IFERROR(_xlfn.XLOOKUP($AB12,Kristian!$A$4:$A$107,Kristian!$F$4:$F$107)&"-"&_xlfn.XLOOKUP($AB12,Kristian!$A$4:$A$107,Kristian!$G$4:$G$107),"") -> 2-0 | BS43: 46195 | BT43: 46200
A44: Elliott | B44: =IFERROR(_xlfn.XLOOKUP($AB10,Elliott!$A$4:$A$107,Elliott!$F$4:$F$107)&"-"&_xlfn.XLOOKUP($AB10,Elliott!$A$4:$A$107,Elliott!$G$4:$G$107),"") -> 1-1 | D44: Elliott | E44: =IFERROR(_xlfn.XLOOKUP($AB12,Elliott!$A$4:$A$107,Elliott!$F$4:$F$107)&"-"&_xlfn.XLOOKUP($AB12,Elliott!$A$4:$A$107,Elliott!$G$4:$G$107),"") -> 2-1 | BS44: 46196 | BT44: 46200
A45: Fredde L | B45: =IFERROR(_xlfn.XLOOKUP($AB10,Fredde!$A$4:$A$107,Fredde!$F$4:$F$107)&"-"&_xlfn.XLOOKUP($AB10,Fredde!$A$4:$A$107,Fredde!$G$4:$G$107),"") -> 1-2 | D45: Fredde L | E45: =IFERROR(_xlfn.XLOOKUP($AB12,Fredde!$A$4:$A$107,Fredde!$F$4:$F$107)&"-"&_xlfn.XLOOKUP($AB12,Fredde!$A$4:$A$107,Fredde!$G$4:$G$107),"") -> 0-1 | BS45: 46196 | BT45: 46188
A46: Petra | B46: =IFERROR(_xlfn.XLOOKUP($AB10,Petra!$A$4:$A$107,Petra!$F$4:$F$107)&"-"&_xlfn.XLOOKUP($AB10,Petra!$A$4:$A$107,Petra!$G$4:$G$107),"") -> 1-0 | D46: Petra | E46: =IFERROR(_xlfn.XLOOKUP($AB12,Petra!$A$4:$A$107,Petra!$F$4:$F$107)&"-"&_xlfn.XLOOKUP($AB12,Petra!$A$4:$A$107,Petra!$G$4:$G$107),"") -> 1-1 | BS46: 46196 | BT46: 46189
BS47: 46196
A48: {=IFERROR("🔥 Folkets tips: "&INDEX(B33:B46,MATCH(MAX(COUNTIF(B33:B46,B33:B46)),COUNTIF(B33:B46,B33:B46),0))&" ("&MAX(COUNTIF(B33:B46,B33:B46))&" personer)","")} -> 🔥 Folkets tips: 1-1 (3 personer) | D48: {=IFERROR("🔥 Folkets tips: "&INDEX(E33:E46,MATCH(MAX(COUNTIF(E33:E46,E33:E46)),COUNTIF(E33:E46,E33:E46),0))&" ("&MAX(COUNTIF(E33:E46,E33:E46))&" personer)","")} -> 🔥 Folkets tips: 2-0 (8 personer) | BS48: 46197
BS49: 46197 | BT49: 46195
BS50: 46197 | BT50: 46194
BS51: 46197 | BT51: 46200
BS52: 46198 | BT52: 46200
BS53: 46198 | BT53: 46189
BS54: 46198 | BT54: 46190
BS55: 46198 | BT55: 46196
BS56: 46198 | BT56: 46195
BS57: 46198 | BT57: 46199
BS58: 46199 | BT58: 46199
BS59: 46199 | BT59: 46190
BS60: 46199 | BT60: 46190
... BS108: 0 | BT108: 46222

Sheet 📊 Resultat & Tabell
A1: 🏆 VM 2026 – Resultat & tabell
A3: Lag per grupp | E3: Matcher/resultat
A4: Grupp A | C4: Matchnr | D4: Matchdatum | E4: Tid | F4: Stad | G4: Fas | H4: Grupp | I4: Hemmalag | J4: Bortalag | K4: Mål H | L4: Mål B | M4: Tecken | N4: Vinnare | P4: Grupp A
A5: A1 | B5: Mexico | C5: 1 | D5: 46184 | E5: 0.875 | F5: Estadio Azteca (Mexico City) | G5: Gruppspel | H5: A | I5: Mexico | J5: South Africa | K5: 2 | L5: 0 | M5: =IF(OR(K5="",L5=""),"",IF(K5>L5,"1",IF(K5<L5,"2","X"))) -> 1 | N5: =IF(M5="","",IF(M5="1",I5,IF(M5="2",J5,"Oavgjort"))) -> Mexico | P5: Lag | Q5: V | R5: O | S5: F | T5: GM | U5: IM | V5: +/- | W5: P
A6: A2 | B6: South Africa | C6: 2 | D6: 46185 | E6: 0.16666667 | F6: Estadio Akron (Guadalajara) | G6: Gruppspel | H6: A | I6: Sydkorea | J6: Tjeckien | K6: 2 | L6: 1 | M6: =IF(OR(K6="",L6=""),"",IF(K6>L6,"1",IF(K6<L6,"2","X"))) -> 1 | N6: =IF(M6="","",IF(M6="1",I6,IF(M6="2",J6,"Oavgjort"))) -> Sydkorea | P6: =B5 -> Mexico | Q6: =SUMPRODUCT(($H$5:$H$76="A")*($I$5:$I$76=P6)*($K$5:$K$76<>"")*($K$5:$K$76>$L$5:$L$76))+SUMPRODUCT(($H$5:$H$76="A")*($J$5:$J$76=P6)*($L$5:$L$76<>"")*($L$5:$L$76>$K$5:$K$76)) -> 3 | R6: =SUMPRODUCT(($H$5:$H$76="A")*(($I$5:$I$76=P6)+($J$5:$J$76=P6))*($K$5:$K$76<>"")*($K$5:$K$76=$L$5:$L$76)) -> 0 | S6: =SUMPRODUCT(($H$5:$H$76="A")*($I$5:$I$76=P6)*($K$5:$K$76<>"")*($K$5:$K$76<$L$5:$L$76))+SUMPRODUCT(($H$5:$H$76="A")*($J$5:$J$76=P6)*($L$5:$L$76<>"")*($L$5:$L$76<$K$5:$K$76)) -> 0 | T6: =SUMIFS($K$5:$K$76,$H$5:$H$76,"A",$I$5:$I$76,P6)+SUMIFS($L$5:$L$76,$H$5:$H$76,"A",$J$5:$J$76,P6) -> 6 | U6: =SUMIFS($L$5:$L$76,$H$5:$H$76,"A",$I$5:$I$76,P6)+SUMIFS($K$5:$K$76,$H$5:$H$76,"A",$J$5:$J$76,P6) -> 0 | V6: =T6-U6 -> 6 | W6: =Q6*3+R6 -> 9
A7: A3 | B7: Sydkorea | C7: 3 | D7: 46191 | E7: 0.75 | F7: Mercedes-Benz Stadium (Atlanta) | G7: Gruppspel | H7: A | I7: Tjeckien | J7: South Africa | K7: 1 | L7: 1 | M7: =IF(OR(K7="",L7=""),"",IF(K7>L7,"1",IF(K7<L7,"2","X"))) -> X | N7: =IF(M7="","",IF(M7="1",I7,IF(M7="2",J7,"Oavgjort"))) -> Oavgjort | P7: =B6 -> South Africa | Q7: =SUMPRODUCT(($H$5:$H$76="A")*($I$5:$I$76=P7)*($K$5:$K$76<>"")*($K$5:$K$76>$L$5:$L$76))+SUMPRODUCT(($H$5:$H$76="A")*($J$5:$J$76=P7)*($L$5:$L$76<>"")*($L$5:$L$76>$K$5:$K$76)) -> 1 | R7: =SUMPRODUCT(($H$5:$H$76="A")*(($I$5:$I$76=P7)+($J$5:$J$76=P7))*($K$5:$K$76<>"")*($K$5:$K$76=$L$5:$L$76)) -> 1 | S7: =SUMPRODUCT(($H$5:$H$76="A")*($I$5:$I$76=P7)*($K$5:$K$76<>"")*($K$5:$K$76<$L$5:$L$76))+SUMPRODUCT(($H$5:$H$76="A")*($J$5:$J$76=P7)*($L$5:$L$76<>"")*($L$5:$L$76<$K$5:$K$76)) -> 1 | T7: =SUMIFS($K$5:$K$76,$H$5:$H$76,"A",$I$5:$I$76,P7)+SUMIFS($L$5:$L$76,$H$5:$H$76,"A",$J$5:$J$76,P7) -> 2 | U7: =SUMIFS($L$5:$L$76,$H$5:$H$76,"A",$I$5:$I$76,P7)+SUMIFS($K$5:$K$76,$H$5:$H$76,"A",$J$5:$J$76,P7) -> 3 | V7: =T7-U7 -> -1 | W7: =Q7*3+R7 -> 4
A8: A4 | B8: Tjeckien | C8: 4 | D8: 46192 | E8: 0.125 | F8: Estadio Akron (Guadalajara) | G8: Gruppspel | H8: A | I8: Mexico | J8: Sydkorea | K8: 1 | L8: 0 | M8: =IF(OR(K8="",L8=""),"",IF(K8>L8,"1",IF(K8<L8,"2","X"))) -> 1 | N8: =IF(M8="","",IF(M8="1",I8,IF(M8="2",J8,"Oavgjort"))) -> Mexico | P8: =B7 -> Sydkorea | Q8: =SUMPRODUCT(($H$5:$H$76="A")*($I$5:$I$76=P8)*($K$5:$K$76<>"")*($K$5:$K$76>$L$5:$L$76))+SUMPRODUCT(($H$5:$H$76="A")*($J$5:$J$76=P8)*($L$5:$L$76<>"")*($L$5:$L$76>$K$5:$K$76)) -> 1 | R8: =SUMPRODUCT(($H$5:$H$76="A")*(($I$5:$I$76=P8)+($J$5:$J$76=P8))*($K$5:$K$76<>"")*($K$5:$K$76=$L$5:$L$76)) -> 0 | S8: =SUMPRODUCT(($H$5:$H$76="A")*($I$5:$I$76=P8)*($K$5:$K$76<>"")*($K$5:$K$76<$L$5:$L$76))+SUMPRODUCT(($H$5:$H$76="A")*($J$5:$J$76=P8)*($L$5:$L$76<>"")*($L$5:$L$76<$K$5:$K$76)) -> 2 | T8: =SUMIFS($K$5:$K$76,$H$5:$H$76,"A",$I$5:$I$76,P8)+SUMIFS($L$5:$L$76,$H$5:$H$76,"A",$J$5:$J$76,P8) -> 2 | U8: =SUMIFS($L$5:$L$76,$H$5:$H$76,"A",$I$5:$I$76,P8)+SUMIFS($K$5:$K$76,$H$5:$H$76,"A",$J$5:$J$76,P8) -> 3 | V8: =T8-U8 -> -1 | W8: =Q8*3+R8 -> 3
A9: Grupp B | C9: 5 | D9: 46198 | E9: 0.125 | F9: Estadio Azteca (Mexico City) | G9: Gruppspel | H9: A | I9: Tjeckien | J9: Mexico | K9: 0 | L9: 3 | M9: =IF(OR(K9="",L9=""),"",IF(K9>L9,"1",IF(K9<L9,"2","X"))) -> 2 | N9: =IF(M9="","",IF(M9="1",I9,IF(M9="2",J9,"Oavgjort"))) -> Mexico | P9: =B8 -> Tjeckien | Q9: =SUMPRODUCT(($H$5:$H$76="A")*($I$5:$I$76=P9)*($K$5:$K$76<>"")*($K$5:$K$76>$L$5:$L$76))+SUMPRODUCT(($H$5:$H$76="A")*($J$5:$J$76=P9)*($L$5:$L$76<>"")*($L$5:$L$76>$K$5:$K$76)) -> 0 | R9: =SUMPRODUCT(($H$5:$H$76="A")*(($I$5:$I$76=P9)+($J$5:$J$76=P9))*($K$5:$K$76<>"")*($K$5:$K$76=$L$5:$L$76)) -> 1 | S9: =SUMPRODUCT(($H$5:$H$76="A")*($I$5:$I$76=P9)*($K$5:$K$76<>"")*($K$5:$K$76<$L$5:$L$76))+SUMPRODUCT(($H$5:$H$76="A")*($J$5:$J$76=P9)*($L$5:$L$76<>"")*($L$5:$L$76<$K$5:$K$76)) -> 2 | T9: =SUMIFS($K$5:$K$76,$H$5:$H$76,"A",$I$5:$I$76,P9)+SUMIFS($L$5:$L$76,$H$5:$H$76,"A",$J$5:$J$76,P9) -> 2 | U9: =SUMIFS($L$5:$L$76,$H$5:$H$76,"A",$I$5:$I$76,P9)+SUMIFS($K$5:$K$76,$H$5:$H$76,"A",$J$5:$J$76,P9) -> 6 | V9: =T9-U9 -> -4 | W9: =Q9*3+R9 -> 1
A10: B1 | B10: Kanada | C10: 6 | D10: 46198 | E10: 0.125 | F10: Estadio BBVA (Monterrey) | G10: Gruppspel | H10: A | I10: South Africa | J10: Sydkorea | K10: 1 | L10: 0 | M10: =IF(OR(K10="",L10=""),"",IF(K10>L10,"1",IF(K10<L10,"2","X"))) -> 1 | N10: =IF(M10="","",IF(M10="1",I10,IF(M10="2",J10,"Oavgjort"))) -> South Africa
A11: B2 | B11: Bosnien och Hercegovina | C11: 7 | D11: 46185 | E11: 0.875 | F11: BMO Field (Toronto) | G11: Gruppspel | H11: B | I11: Kanada | J11: Bosnien och Hercegovina | K11: 1 | L11: 1 | M11: =IF(OR(K11="",L11=""),"",IF(K11>L11,"1",IF(K11<L11,"2","X"))) -> X | N11: =IF(M11="","",IF(M11="1",I11,IF(M11="2",J11,"Oavgjort"))) -> Oavgjort | P11: Grupp B
A12: B3 | B12: Qatar | C12: 8 | D12: 46186 | E12: 0.875 | F12: Levi’s Stadium (San Francisco Bay Area) | G12: Gruppspel | H12: B | I12: Qatar | J12: Schweiz | K12: 1 | L12: 1 | M12: =IF(OR(K12="",L12=""),"",IF(K12>L12,"1",IF(K12<L12,"2","X"))) -> X | N12: =IF(M12="","",IF(M12="1",I12,IF(M12="2",J12,"Oavgjort"))) -> Oavgjort | P12: Lag | Q12: V | R12: O | S12: F | T12: GM | U12: IM | V12: +/- | W12: P
A13: B4 | B13: Schweiz | C13: 9 | D13: 46191 | E13: 0.875 | F13: SoFi Stadium (Los Angeles) | G13: Gruppspel | H13: B | I13: Schweiz | J13: Bosnien och Hercegovina | K13: 4 | L13: 1 | M13: =IF(OR(K13="",L13=""),"",IF(K13>L13,"1",IF(K13<L13,"2","X"))) -> 1 | N13: =IF(M13="","",IF(M13="1",I13,IF(M13="2",J13,"Oavgjort"))) -> Schweiz | P13: =B10 -> Kanada | Q13: =SUMPRODUCT(($H$5:$H$76="B")*($I$5:$I$76=P13)*($K$5:$K$76<>"")*($K$5:$K$76>$L$5:$L$76))+SUMPRODUCT(($H$5:$H$76="B")*($J$5:$J$76=P13)*($L$5:$L$76<>"")*($L$5:$L$76>$K$5:$K$76)) -> 1 | R13: =SUMPRODUCT(($H$5:$H$76="B")*(($I$5:$I$76=P13)+($J$5:$J$76=P13))*($K$5:$K$76<>"")*($K$5:$K$76=$L$5:$L$76)) -> 1 | S13: =SUMPRODUCT(($H$5:$H$76="B")*($I$5:$I$76=P13)*($K$5:$K$76<>"")*($K$5:$K$76<$L$5:$L$76))+SUMPRODUCT(($H$5:$H$76="B")*($J$5:$J$76=P13)*($L$5:$L$76<>"")*($L$5:$L$76<$K$5:$K$76)) -> 1 | T13: =SUMIFS($K$5:$K$76,$H$5:$H$76,"B",$I$5:$I$76,P13)+SUMIFS($L$5:$L$76,$H$5:$H$76,"B",$J$5:$J$76,P13) -> 8 | U13: =SUMIFS($L$5:$L$76,$H$5:$H$76,"B",$I$5:$I$76,P13)+SUMIFS($K$5:$K$76,$H$5:$H$76,"B",$J$5:$J$76,P13) -> 3 | V13: =T13-U13 -> 5 | W13: =Q13*3+R13 -> 4
A14: Grupp C | C14: 10 | D14: 46192 | E14: 0 | F14: BC Place (Vancouver) | G14: Gruppspel | H14: B | I14: Kanada | J14: Qatar | K14: 6 | L14: 0 | M14: =IF(OR(K14="",L14=""),"",IF(K14>L14,"1",IF(K14<L14,"2","X"))) -> 1 | N14: =IF(M14="","",IF(M14="1",I14,IF(M14="2",J14,"Oavgjort"))) -> Kanada | P14: =B11 -> Bosnien och Hercegovina | Q14: =SUMPRODUCT(($H$5:$H$76="B")*($I$5:$I$76=P14)*($K$5:$K$76<>"")*($K$5:$K$76>$L$5:$L$76))+SUMPRODUCT(($H$5:$H$76="B")*($J$5:$J$76=P14)*($L$5:$L$76<>"")*($L$5:$L$76>$K$5:$K$76)) -> 1 | R14: =SUMPRODUCT(($H$5:$H$76="B")*(($I$5:$I$76=P14)+($J$5:$J$76=P14))*($K$5:$K$76<>"")*($K$5:$K$76=$L$5:$L$76)) -> 1 | S14: =SUMPRODUCT(($H$5:$H$76="B")*($I$5:$I$76=P14)*($K$5:$K$76<>"")*($K$5:$K$76<$L$5:$L$76))+SUMPRODUCT(($H$5:$H$76="B")*($J$5:$J$76=P14)*($L$5:$L$76<>"")*($L$5:$L$76<$K$5:$K$76)) -> 1 | T14: =SUMIFS($K$5:$K$76,$H$5:$H$76,"B",$I$5:$I$76,P14)+SUMIFS($L$5:$L$76,$H$5:$H$76,"B",$J$5:$J$76,P14) -> 5 | U14: =SUMIFS($L$5:$L$76,$H$5:$H$76,"B",$I$5:$I$76,P14)+SUMIFS($K$5:$K$76,$H$5:$H$76,"B",$J$5:$J$76,P14) -> 6 | V14: =T14-U14 -> -1 | W14: =Q14*3+R14 -> 4
A15: C1 | B15: Brasilien | C15: 11 | D15: 46197 | E15: 0.875 | F15: BC Place (Vancouver) | G15: Gruppspel | H15: B | I15: Schweiz | J15: Kanada | K15: 2 | L15: 1 | M15: =IF(OR(K15="",L15=""),"",IF(K15>L15,"1",IF(K15<L15,"2","X"))) -> 1 | N15: =IF(M15="","",IF(M15="1",I15,IF(M15="2",J15,"Oavgjort"))) -> Schweiz | P15: =B12 -> Qatar | Q15: =SUMPRODUCT(($H$5:$H$76="B")*($I$5:$I$76=P15)*($K$5:$K$76<>"")*($K$5:$K$76>$L$5:$L$76))+SUMPRODUCT(($H$5:$H$76="B")*($J$5:$J$76=P15)*($L$5:$L$76<>"")*($L$5:$L$76>$K$5:$K$76)) -> 0 | R15: =SUMPRODUCT(($H$5:$H$76="B")*(($I$5:$I$76=P15)+($J$5:$J$76=P15))*($K$5:$K$76<>"")*($K$5:$K$76=$L$5:$L$76)) -> 1 | S15: =SUMPRODUCT(($H$5:$H$76="B")*($I$5:$I$76=P15)*($K$5:$K$76<>"")*($K$5:$K$76<$L$5:$L$76))+SUMPRODUCT(($H$5:$H$76="B")*($J$5:$J$76=P15)*($L$5:$L$76<>"")*($L$5:$L$76<$K$5:$K$76)) -> 2 | T15: =SUMIFS($K$5:$K$76,$H$5:$H$76,"B",$I$5:$I$76,P15)+SUMIFS($L$5:$L$76,$H$5:$H$76,"B",$J$5:$J$76,P15) -> 2 | U15: =SUMIFS($L$5:$L$76,$H$5:$H$76,"B",$I$5:$I$76,P15)+SUMIFS($K$5:$K$76,$H$5:$H$76,"B",$J$5:$J$76,P15) -> 10 | V15: =T15-U15 -> -8 | W15: =Q15*3+R15 -> 1
A16: C2 | B16: Marocko | C16: 12 | D16: 46197 | E16: 0.875 | F16: Lumen Field (Seattle) | G16: Gruppspel | H16: B | I16: Bosnien och Hercegovina | J16: Qatar | K16: 3 | L16: 1 | M16: =IF(OR(K16="",L16=""),"",IF(K16>L16,"1",IF(K16<L16,"2","X"))) -> 1 | N16: =IF(M16="","",IF(M16="1",I16,IF(M16="2",J16,"Oavgjort"))) -> Bosnien och Hercegovina | P16: =B13 -> Schweiz | Q16: =SUMPRODUCT(($H$5:$H$76="B")*($I$5:$I$76=P16)*($K$5:$K$76<>"")*($K$5:$K$76>$L$5:$L$76))+SUMPRODUCT(($H$5:$H$76="B")*($J$5:$J$76=P16)*($L$5:$L$76<>"")*($L$5:$L$76>$K$5:$K$76)) -> 2 | R16: =SUMPRODUCT(($H$5:$H$76="B")*(($I$5:$I$76=P16)+($J$5:$J$76=P16))*($K$5:$K$76<>"")*($K$5:$K$76=$L$5:$L$76)) -> 1 | S16: =SUMPRODUCT(($H$5:$H$76="B")*($I$5:$I$76=P16)*($K$5:$K$76<>"")*($K$5:$K$76<$L$5:$L$76))+SUMPRODUCT(($H$5:$H$76="B")*($J$5:$J$76=P16)*($L$5:$L$76<>"")*($L$5:$L$76<$K$5:$K$76)) -> 0 | T16: =SUMIFS($K$5:$K$76,$H$5:$H$76,"B",$I$5:$I$76,P16)+SUMIFS($L$5:$L$76,$H$5:$H$76,"B",$J$5:$J$76,P16) -> 7 | U16: =SUMIFS($L$5:$L$76,$H$5:$H$76,"B",$I$5:$I$76,P16)+SUMIFS($K$5:$K$76,$H$5:$H$76,"B",$J$5:$J$76,P16) -> 3 | V16: =T16-U16 -> 4 | W16: =Q16*3+R16 -> 7
A17: C3 | B17: Haiti | C17: 13 | D17: 46187 | E17: 0 | F17: MetLife Stadium (New York/New Jersey) | G17: Gruppspel | H17: C | I17: Brasilien | J17: Marocko | K17: 1 | L17: 1 | M17: =IF(OR(K17="",L17=""),"",IF(K17>L17,"1",IF(K17<L17,"2","X"))) -> X | N17: =IF(M17="","",IF(M17="1",I17,IF(M17="2",J17,"Oavgjort"))) -> Oavgjort
A18: C4 | B18: Skottland | C18: 14 | D18: 46187 | E18: 0.125 | F18: Gillette Stadium (Boston) | G18: Gruppspel | H18: C | I18: Haiti | J18: Skottland | K18: 0 | L18: 1 | M18: =IF(OR(K18="",L18=""),"",IF(K18>L18,"1",IF(K18<L18,"2","X"))) -> 2 | N18: =IF(M18="","",IF(M18="1",I18,IF(M18="2",J18,"Oavgjort"))) -> Skottland | P18: Grupp C
A19: Grupp D | C19: 15 | D19: 46193 | E19: 0 | F19: Gillette Stadium (Boston) | G19: Gruppspel | H19: C | I19: Skottland | J19: Marocko | K19: 0 | L19: 1 | M19: =IF(OR(K19="",L19=""),"",IF(K19>L19,"1",IF(K19<L19,"2","X"))) -> 2 | N19: =IF(M19="","",IF(M19="1",I19,IF(M19="2",J19,"Oavgjort"))) -> Marocko | P19: Lag | Q19: V | R19: O | S19: F | T19: GM | U19: IM | V19: +/- | W19: P
A20: D1 | B20: USA | C20: 16 | D20: 46193 | E20: 0.97916667 | F20: Lincoln Financial Field (Philadelphia) | G20: Gruppspel | H20: C | I20: Brasilien | J20: Haiti | K20: 3 | L20: 0 | M20: =IF(OR(K20="",L20=""),"",IF(K20>L20,"1",IF(K20<L20,"2","X"))) -> 1 | N20: =IF(M20="","",IF(M20="1",I20,IF(M20="2",J20,"Oavgjort"))) -> Brasilien | P20: =B15 -> Brasilien | Q20: =SUMPRODUCT(($H$5:$H$76="C")*($I$5:$I$76=P20)*($K$5:$K$76<>"")*($K$5:$K$76>$L$5:$L$76))+SUMPRODUCT(($H$5:$H$76="C")*($J$5:$J$76=P20)*($L$5:$L$76<>"")*($L$5:$L$76>$K$5:$K$76)) -> 2 | R20: =SUMPRODUCT(($H$5:$H$76="C")*(($I$5:$I$76=P20)+($J$5:$J$76=P20))*($K$5:$K$76<>"")*($K$5:$K$76=$L$5:$L$76)) -> 1 | S20: =SUMPRODUCT(($H$5:$H$76="C")*($I$5:$I$76=P20)*($K$5:$K$76<>"")*($K$5:$K$76<$L$5:$L$76))+SUMPRODUCT(($H$5:$H$76="C")*($J$5:$J$76=P20)*($L$5:$L$76<>"")*($L$5:$L$76<$K$5:$K$76)) -> 0 | T20: =SUMIFS($K$5:$K$76,$H$5:$H$76,"C",$I$5:$I$76,P20)+SUMIFS($L$5:$L$76,$H$5:$H$76,"C",$J$5:$J$76,P20) -> 7 | U20: =SUMIFS($L$5:$L$76,$H$5:$H$76,"C",$I$5:$I$76,P20)+SUMIFS($K$5:$K$76,$H$5:$H$76,"C",$J$5:$J$76,P20) -> 1 | V20: =T20-U20 -> 6 | W20: =Q20*3+R20 -> 7
A21: D2 | B21: Paraguay | C21: 17 | D21: 46198 | E21: 0 | F21: Hard Rock Stadium (Miami) | G21: Gruppspel | H21: C | I21: Skottland | J21: Brasilien | K21: 0 | L21: 3 | M21: =IF(OR(K21="",L21=""),"",IF(K21>L21,"1",IF(K21<L21,"2","X"))) -> 2 | N21: =IF(M21="","",IF(M21="1",I21,IF(M21="2",J21,"Oavgjort"))) -> Brasilien | P21: =B16 -> Marocko | Q21: =SUMPRODUCT(($H$5:$H$76="C")*($I$5:$I$76=P21)*($K$5:$K$76<>"")*($K$5:$K$76>$L$5:$L$76))+SUMPRODUCT(($H$5:$H$76="C")*($J$5:$J$76=P21)*($L$5:$L$76<>"")*($L$5:$L$76>$K$5:$K$76)) -> 2 | R21: =SUMPRODUCT(($H$5:$H$76="C")*(($I$5:$I$76=P21)+($J$5:$J$76=P21))*($K$5:$K$76<>"")*($K$5:$K$76=$L$5:$L$76)) -> 1 | S21: =SUMPRODUCT(($H$5:$H$76="C")*($I$5:$I$76=P21)*($K$5:$K$76<>"")*($K$5:$K$76<$L$5:$L$76))+SUMPRODUCT(($H$5:$H$76="C")*($J$5:$J$76=P21)*($L$5:$L$76<>"")*($L$5:$L$76<$K$5:$K$76)) -> 0 | T21: =SUMIFS($K$5:$K$76,$H$5:$H$76,"C",$I$5:$I$76,P21)+SUMIFS($L$5:$L$76,$H$5:$H$76,"C",$J$5:$J$76,P21) -> 6 | U21: =SUMIFS($L$5:$L$76,$H$5:$H$76,"C",$I$5:$I$76,P21)+SUMIFS($K$5:$K$76,$H$5:$H$76,"C",$J$5:$J$76,P21) -> 3 | V21: =T21-U21 -> 3 | W21: =Q21*3+R21 -> 7
A22: D3 | B22: Australien | C22: 18 | D22: 46198 | E22: 0 | F22: Mercedes-Benz Stadium (Atlanta) | G22: Gruppspel | H22: C | I22: Marocko | J22: Haiti | K22: 4 | L22: 2 | M22: =IF(OR(K22="",L22=""),"",IF(K22>L22,"1",IF(K22<L22,"2","X"))) -> 1 | N22: =IF(M22="","",IF(M22="1",I22,IF(M22="2",J22,"Oavgjort"))) -> Marocko | P22: =B17 -> Haiti | Q22: =SUMPRODUCT(($H$5:$H$76="C")*($I$5:$I$76=P22)*($K$5:$K$76<>"")*($K$5:$K$76>$L$5:$L$76))+SUMPRODUCT(($H$5:$H$76="C")*($J$5:$J$76=P22)*($L$5:$L$76<>"")*($L$5:$L$76>$K$5:$K$76)) -> 0 | R22: =SUMPRODUCT(($H$5:$H$76="C")*(($I$5:$I$76=P22)+($J$5:$J$76=P22))*($K$5:$K$76<>"")*($K$5:$K$76=$L$5:$L$76)) -> 0 | S22: =SUMPRODUCT(($H$5:$H$76="C")*($I$5:$I$76=P22)*($K$5:$K$76<>"")*($K$5:$K$76<$L$5:$L$76))+SUMPRODUCT(($H$5:$H$76="C")*($J$5:$J$76=P22)*($L$5:$L$76<>"")*($L$5:$L$76<$K$5:$K$76)) -> 3 | T22: =SUMIFS($K$5:$K$76,$H$5:$H$76,"C",$I$5:$I$76,P22)+SUMIFS($L$5:$L$76,$H$5:$H$76,"C",$J$5:$J$76,P22) -> 2 | U22: =SUMIFS($L$5:$L$76,$H$5:$H$76,"C",$I$5:$I$76,P22)+SUMIFS($K$5:$K$76,$H$5:$H$76,"C",$J$5:$J$76,P22) -> 8 | V22: =T22-U22 -> -6 | W22: =Q22*3+R22 -> 0
A23: D4 | B23: Turkiet | C23: 19 | D23: 46186 | E23: 0.125 | F23: SoFi Stadium (Los Angeles) | G23: Gruppspel | H23: D | I23: USA | J23: Paraguay | K23: 4 | L23: 1 | M23: =IF(OR(K23="",L23=""),"",IF(K23>L23,"1",IF(K23<L23,"2","X"))) -> 1 | N23: =IF(M23="","",IF(M23="1",I23,IF(M23="2",J23,"Oavgjort"))) -> USA | P23: =B18 -> Skottland | Q23: =SUMPRODUCT(($H$5:$H$76="C")*($I$5:$I$76=P23)*($K$5:$K$76<>"")*($K$5:$K$76>$L$5:$L$76))+SUMPRODUCT(($H$5:$H$76="C")*($J$5:$J$76=P23)*($L$5:$L$76<>"")*($L$5:$L$76>$K$5:$K$76)) -> 1 | R23: =SUMPRODUCT(($H$5:$H$76="C")*(($I$5:$I$76=P23)+($J$5:$J$76=P23))*($K$5:$K$76<>"")*($K$5:$K$76=$L$5:$L$76)) -> 0 | S23: =SUMPRODUCT(($H$5:$H$76="C")*($I$5:$I$76=P23)*($K$5:$K$76<>"")*($K$5:$K$76<$L$5:$L$76))+SUMPRODUCT(($H$5:$H$76="C")*($J$5:$J$76=P23)*($L$5:$L$76<>"")*($L$5:$L$76<$K$5:$K$76)) -> 2 | T23: =SUMIFS($K$5:$K$76,$H$5:$H$76,"C",$I$5:$I$76,P23)+SUMIFS($L$5:$L$76,$H$5:$H$76,"C",$J$5:$J$76,P23) -> 1 | U23: =SUMIFS($L$5:$L$76,$H$5:$H$76,"C",$I$5:$I$76,P23)+SUMIFS($K$5:$K$76,$H$5:$H$76,"C",$J$5:$J$76,P23) -> 4 | V23: =T23-U23 -> -3 | W23: =Q23*3+R23 -> 3
A24: Grupp E | C24: 20 | D24: 46187 | E24: 0.25 | F24: BC Place (Vancouver) | G24: Gruppspel | H24: D | I24: Australien | J24: Turkiet | K24: 2 | L24: 0 | M24: =IF(OR(K24="",L24=""),"",IF(K24>L24,"1",IF(K24<L24,"2","X"))) -> 1 | N24: =IF(M24="","",IF(M24="1",I24,IF(M24="2",J24,"Oavgjort"))) -> Australien
A25: E1 | B25: Tyskland | C25: 21 | D25: 46193 | E25: 0.875 | F25: Levi’s Stadium (San Francisco Bay Area) | G25: Gruppspel | H25: D | I25: Turkiet | J25: Paraguay | K25: 0 | L25: 1 | M25: =IF(OR(K25="",L25=""),"",IF(K25>L25,"1",IF(K25<L25,"2","X"))) -> 2 | N25: =IF(M25="","",IF(M25="1",I25,IF(M25="2",J25,"Oavgjort"))) -> Paraguay | P25: Grupp D
A26: E2 | B26: Curaçao | C26: 22 | D26: 46192 | E26: 0.20833333 | F26: Lumen Field (Seattle) | G26: Gruppspel | H26: D | I26: USA | J26: Australien | K26: 2 | L26: 0 | M26: =IF(OR(K26="",L26=""),"",IF(K26>L26,"1",IF(K26<L26,"2","X"))) -> 1 | N26: =IF(M26="","",IF(M26="1",I26,IF(M26="2",J26,"Oavgjort"))) -> USA | P26: Lag | Q26: V | R26: O | S26: F | T26: GM | U26: IM | V26: +/- | W26: P
A27: E3 | B27: Elfenbenskusten | C27: 23 | D27: 46199 | E27: 0.16666667 | F27: SoFi Stadium (Los Angeles) | G27: Gruppspel | H27: D | I27: Turkiet | J27: USA | K27: 3 | L27: 2 | M27: =IF(OR(K27="",L27=""),"",IF(K27>L27,"1",IF(K27<L27,"2","X"))) -> 1 | N27: =IF(M27="","",IF(M27="1",I27,IF(M27="2",J27,"Oavgjort"))) -> Turkiet | P27: =B20 -> USA | Q27: =SUMPRODUCT(($H$5:$H$76="D")*($I$5:$I$76=P27)*($K$5:$K$76<>"")*($K$5:$K$76>$L$5:$L$76))+SUMPRODUCT(($H$5:$H$76="D")*($J$5:$J$76=P27)*($L$5:$L$76<>"")*($L$5:$L$76>$K$5:$K$76)) -> 2 | R27: =SUMPRODUCT(($H$5:$H$76="D")*(($I$5:$I$76=P27)+($J$5:$J$76=P27))*($K$5:$K$76<>"")*($K$5:$K$76=$L$5:$L$76)) -> 0 | S27: =SUMPRODUCT(($H$5:$H$76="D")*($I$5:$I$76=P27)*($K$5:$K$76<>"")*($K$5:$K$76<$L$5:$L$76))+SUMPRODUCT(($H$5:$H$76="D")*($J$5:$J$76=P27)*($L$5:$L$76<>"")*($L$5:$L$76<$K$5:$K$76)) -> 1 | T27: =SUMIFS($K$5:$K$76,$H$5:$H$76,"D",$I$5:$I$76,P27)+SUMIFS($L$5:$L$76,$H$5:$H$76,"D",$J$5:$J$76,P27) -> 8 | U27: =SUMIFS($L$5:$L$76,$H$5:$H$76,"D",$I$5:$I$76,P27)+SUMIFS($K$5:$K$76,$H$5:$H$76,"D",$J$5:$J$76,P27) -> 4 | V27: =T27-U27 -> 4 | W27: =Q27*3+R27 -> 6
A28: E4 | B28: Ecuador | C28: 24 | D28: 46199 | E28: 0.16666667 | F28: Levi’s Stadium (San Francisco Bay Area) | G28: Gruppspel | H28: D | I28: Paraguay | J28: Australien | K28: 0 | L28: 0 | M28: =IF(OR(K28="",L28=""),"",IF(K28>L28,"1",IF(K28<L28,"2","X"))) -> X | N28: =IF(M28="","",IF(M28="1",I28,IF(M28="2",J28,"Oavgjort"))) -> Oavgjort | P28: =B21 -> Paraguay | Q28: =SUMPRODUCT(($H$5:$H$76="D")*($I$5:$I$76=P28)*($K$5:$K$76<>"")*($K$5:$K$76>$L$5:$L$76))+SUMPRODUCT(($H$5:$H$76="D")*($J$5:$J$76=P28)*($L$5:$L$76<>"")*($L$5:$L$76>$K$5:$K$76)) -> 1 | R28: =SUMPRODUCT(($H$5:$H$76="D")*(($I$5:$I$76=P28)+($J$5:$J$76=P28))*($K$5:$K$76<>"")*($K$5:$K$76=$L$5:$L$76)) -> 1 | S28: =SUMPRODUCT(($H$5:$H$76="D")*($I$5:$I$76=P28)*($K$5:$K$76<>"")*($K$5:$K$76<$L$5:$L$76))+SUMPRODUCT(($H$5:$H$76="D")*($J$5:$J$76=P28)*($L$5:$L$76<>"")*($L$5:$L$76<$K$5:$K$76)) -> 1 | T28: =SUMIFS($K$5:$K$76,$H$5:$H$76,"D",$I$5:$I$76,P28)+SUMIFS($L$5:$L$76,$H$5:$H$76,"D",$J$5:$J$76,P28) -> 2 | U28: =SUMIFS($L$5:$L$76,$H$5:$H$76,"D",$I$5:$I$76,P28)+SUMIFS($K$5:$K$76,$H$5:$H$76,"D",$J$5:$J$76,P28) -> 4 | V28: =T28-U28 -> -2 | W28: =Q28*3+R28 -> 4
A29: Grupp F | C29: 25 | D29: 46187 | E29: 0.79166667 | F29: NRG Stadium (Houston) | G29: Gruppspel | H29: E | I29: Tyskland | J29: Curaçao | K29: 7 | L29: 1 | M29: =IF(OR(K29="",L29=""),"",IF(K29>L29,"1",IF(K29<L29,"2","X"))) -> 1 | N29: =IF(M29="","",IF(M29="1",I29,IF(M29="2",J29,"Oavgjort"))) -> Tyskland | P29: =B22 -> Australien | Q29: =SUMPRODUCT(($H$5:$H$76="D")*($I$5:$I$76=P29)*($K$5:$K$76<>"")*($K$5:$K$76>$L$5:$L$76))+SUMPRODUCT(($H$5:$H$76="D")*($J$5:$J$76=P29)*($L$5:$L$76<>"")*($L$5:$L$76>$K$5:$K$76)) -> 1 | R29: =SUMPRODUCT(($H$5:$H$76="D")*(($I$5:$I$76=P29)+($J$5:$J$76=P29))*($K$5:$K$76<>"")*($K$5:$K$76=$L$5:$L$76)) -> 1 | S29: =SUMPRODUCT(($H$5:$H$76="D")*($I$5:$I$76=P29)*($K$5:$K$76<>"")*($K$5:$K$76<$L$5:$L$76))+SUMPRODUCT(($H$5:$H$76="D")*($J$5:$J$76=P29)*($L$5:$L$76<>"")*($L$5:$L$76<$K$5:$K$76)) -> 1 | T29: =SUMIFS($K$5:$K$76,$H$5:$H$76,"D",$I$5:$I$76,P29)+SUMIFS($L$5:$L$76,$H$5:$H$76,"D",$J$5:$J$76,P29) -> 2 | U29: =SUMIFS($L$5:$L$76,$H$5:$H$76,"D",$I$5:$I$76,P29)+SUMIFS($K$5:$K$76,$H$5:$H$76,"D",$J$5:$J$76,P29) -> 2 | V29: =T29-U29 -> 0 | W29: =Q29*3+R29 -> 4
A30: F1 | B30: Nederländerna | C30: 26 | D30: 46188 | E30: 0.041666667 | F30: Lincoln Financial Field (Philadelphia) | G30: Gruppspel | H30: E | I30: Elfenbenskusten | J30: Ecuador | K30: 1 | L30: 0 | M30: =IF(OR(K30="",L30=""),"",IF(K30>L30,"1",IF(K30<L30,"2","X"))) -> 1 | N30: =IF(M30="","",IF(M30="1",I30,IF(M30="2",J30,"Oavgjort"))) -> Elfenbenskusten | P30: =B23 -> Turkiet | Q30: =SUMPRODUCT(($H$5:$H$76="D")*($I$5:$I$76=P30)*($K$5:$K$76<>"")*($K$5:$K$76>$L$5:$L$76))+SUMPRODUCT(($H$5:$H$76="D")*($J$5:$J$76=P30)*($L$5:$L$76<>"")*($L$5:$L$76>$K$5:$K$76)) -> 1 | R30: =SUMPRODUCT(($H$5:$H$76="D")*(($I$5:$I$76=P30)+($J$5:$J$76=P30))*($K$5:$K$76<>"")*($K$5:$K$76=$L$5:$L$76)) -> 0 | S30: =SUMPRODUCT(($H$5:$H$76="D")*($I$5:$I$76=P30)*($K$5:$K$76<>"")*($K$5:$K$76<$L$5:$L$76))+SUMPRODUCT(($H$5:$H$76="D")*($J$5:$J$76=P30)*($L$5:$L$76<>"")*($L$5:$L$76<$K$5:$K$76)) -> 2 | T30: =SUMIFS($K$5:$K$76,$H$5:$H$76,"D",$I$5:$I$76,P30)+SUMIFS($L$5:$L$76,$H$5:$H$76,"D",$J$5:$J$76,P30) -> 3 | U30: =SUMIFS($L$5:$L$76,$H$5:$H$76,"D",$I$5:$I$76,P30)+SUMIFS($K$5:$K$76,$H$5:$H$76,"D",$J$5:$J$76,P30) -> 5 | V30: =T30-U30 -> -2 | W30: =Q30*3+R30 -> 3
A31: F2 | B31: Japan | C31: 27 | D31: 46194 | E31: 0.083333333 | F31: Arrowhead Stadium (Kansas City) | G31: Gruppspel | H31: E | I31: Ecuador | J31: Curaçao | K31: 0 | L31: 0 | M31: =IF(OR(K31="",L31=""),"",IF(K31>L31,"1",IF(K31<L31,"2","X"))) -> X | N31: =IF(M31="","",IF(M31="1",I31,IF(M31="2",J31,"Oavgjort"))) -> Oavgjort
A32: F3 | B32: Sverige | C32: 28 | D32: 46193 | E32: 0.91666667 | F32: BMO Field (Toronto) | G32: Gruppspel | H32: E | I32: Tyskland | J32: Elfenbenskusten | K32: 2 | L32: 1 | M32: =IF(OR(K32="",L32=""),"",IF(K32>L32,"1",IF(K32<L32,"2","X"))) -> 1 | N32: =IF(M32="","",IF(M32="1",I32,IF(M32="2",J32,"Oavgjort"))) -> Tyskland | P32: Grupp E
A33: F4 | B33: Tunisien | C33: 29 | D33: 46198 | E33: 0.91666667 | F33: MetLife Stadium (New York/New Jersey) | G33: Gruppspel | H33: E | I33: Ecuador | J33: Tyskland | K33: 2 | L33: 1 | M33: =IF(OR(K33="",L33=""),"",IF(K33>L33,"1",IF(K33<L33,"2","X"))) -> 1 | N33: =IF(M33="","",IF(M33="1",I33,IF(M33="2",J33,"Oavgjort"))) -> Ecuador | P33: Lag | Q33: V | R33: O | S33: F | T33: GM | U33: IM | V33: +/- | W33: P
A34: Grupp G | C34: 30 | D34: 46198 | E34: 0.91666667 | F34: Lincoln Financial Field (Philadelphia) | G34: Gruppspel | H34: E | I34: Curaçao | J34: Elfenbenskusten | K34: 0 | L34: 2 | M34: =IF(OR(K34="",L34=""),"",IF(K34>L34,"1",IF(K34<L34,"2","X"))) -> 2 | N34: =IF(M34="","",IF(M34="1",I34,IF(M34="2",J34,"Oavgjort"))) -> Elfenbenskusten | P34: =B25 -> Tyskland | Q34: =SUMPRODUCT(($H$5:$H$76="E")*($I$5:$I$76=P34)*($K$5:$K$76<>"")*($K$5:$K$76>$L$5:$L$76))+SUMPRODUCT(($H$5:$H$76="E")*($J$5:$J$76=P34)*($L$5:$L$76<>"")*($L$5:$L$76>$K$5:$K$76)) -> 2 | R34: =SUMPRODUCT(($H$5:$H$76="E")*(($I$5:$I$76=P34)+($J$5:$J$76=P34))*($K$5:$K$76<>"")*($K$5:$K$76=$L$5:$L$76)) -> 0 | S34: =SUMPRODUCT(($H$5:$H$76="E")*($I$5:$I$76=P34)*($K$5:$K$76<>"")*($K$5:$K$76<$L$5:$L$76))+SUMPRODUCT(($H$5:$H$76="E")*($J$5:$J$76=P34)*($L$5:$L$76<>"")*($L$5:$L$76<$K$5:$K$76)) -> 1 | T34: =SUMIFS($K$5:$K$76,$H$5:$H$76,"E",$I$5:$I$76,P34)+SUMIFS($L$5:$L$76,$H$5:$H$76,"E",$J$5:$J$76,P34) -> 10 | U34: =SUMIFS($L$5:$L$76,$H$5:$H$76,"E",$I$5:$I$76,P34)+SUMIFS($K$5:$K$76,$H$5:$H$76,"E",$J$5:$J$76,P34) -> 4 | V34: =T34-U34 -> 6 | W34: =Q34*3+R34 -> 6
A35: G1 | B35: Belgien | C35: 31 | D35: 46187 | E35: 0.91666667 | F35: AT&T Stadium (Dallas) | G35: Gruppspel | H35: F | I35: Nederländerna | J35: Japan | K35: 2 | L35: 2 | M35: =IF(OR(K35="",L35=""),"",IF(K35>L35,"1",IF(K35<L35,"2","X"))) -> X | N35: =IF(M35="","",IF(M35="1",I35,IF(M35="2",J35,"Oavgjort"))) -> Oavgjort | P35: =B26 -> Curaçao | Q35: =SUMPRODUCT(($H$5:$H$76="E")*($I$5:$I$76=P35)*($K$5:$K$76<>"")*($K$5:$K$76>$L$5:$L$76))+SUMPRODUCT(($H$5:$H$76="E")*($J$5:$J$76=P35)*($L$5:$L$76<>"")*($L$5:$L$76>$K$5:$K$76)) -> 0 | R35: =SUMPRODUCT(($H$5:$H$76="E")*(($I$5:$I$76=P35)+($J$5:$J$76=P35))*($K$5:$K$76<>"")*($K$5:$K$76=$L$5:$L$76)) -> 1 | S35: =SUMPRODUCT(($H$5:$H$76="E")*($I$5:$I$76=P35)*($K$5:$K$76<>"")*($K$5:$K$76<$L$5:$L$76))+SUMPRODUCT(($H$5:$H$76="E")*($J$5:$J$76=P35)*($L$5:$L$76<>"")*($L$5:$L$76<$K$5:$K$76)) -> 2 | T35: =SUMIFS($K$5:$K$76,$H$5:$H$76,"E",$I$5:$I$76,P35)+SUMIFS($L$5:$L$76,$H$5:$H$76,"E",$J$5:$J$76,P35) -> 1 | U35: =SUMIFS($L$5:$L$76,$H$5:$H$76,"E",$I$5:$I$76,P35)+SUMIFS($K$5:$K$76,$H$5:$H$76,"E",$J$5:$J$76,P35) -> 9 | V35: =T35-U35 -> -8 | W35: =Q35*3+R35 -> 1
A36: G2 | B36: Egypten | C36: 32 | D36: 46188 | E36: 0.16666667 | F36: Estadio BBVA (Monterrey) | G36: Gruppspel | H36: F | I36: Sverige | J36: Tunisien | K36: 5 | L36: 1 | M36: =IF(OR(K36="",L36=""),"",IF(K36>L36,"1",IF(K36<L36,"2","X"))) -> 1 | N36: =IF(M36="","",IF(M36="1",I36,IF(M36="2",J36,"Oavgjort"))) -> Sverige | P36: =B27 -> Elfenbenskusten | Q36: =SUMPRODUCT(($H$5:$H$76="E")*($I$5:$I$76=P36)*($K$5:$K$76<>"")*($K$5:$K$76>$L$5:$L$76))+SUMPRODUCT(($H$5:$H$76="E")*($J$5:$J$76=P36)*($L$5:$L$76<>"")*($L$5:$L$76>$K$5:$K$76)) -> 2 | R36: =SUMPRODUCT(($H$5:$H$76="E")*(($I$5:$I$76=P36)+($J$5:$J$76=P36))*($K$5:$K$76<>"")*($K$5:$K$76=$L$5:$L$76)) -> 0 | S36: =SUMPRODUCT(($H$5:$H$76="E")*($I$5:$I$76=P36)*($K$5:$K$76<>"")*($K$5:$K$76<$L$5:$L$76))+SUMPRODUCT(($H$5:$H$76="E")*($J$5:$J$76=P36)*($L$5:$L$76<>"")*($L$5:$L$76<$K$5:$K$76)) -> 1 | T36: =SUMIFS($K$5:$K$76,$H$5:$H$76,"E",$I$5:$I$76,P36)+SUMIFS($L$5:$L$76,$H$5:$H$76,"E",$J$5:$J$76,P36) -> 4 | U36: =SUMIFS($L$5:$L$76,$H$5:$H$76,"E",$I$5:$I$76,P36)+SUMIFS($K$5:$K$76,$H$5:$H$76,"E",$J$5:$J$76,P36) -> 2 | V36: =T36-U36 -> 2 | W36: =Q36*3+R36 -> 6
A37: G3 | B37: Iran | C37: 33 | D37: 46194 | E37: 0.25 | F37: Estadio BBVA (Monterrey) | G37: Gruppspel | H37: F | I37: Tunisien | J37: Japan | K37: 0 | L37: 4 | M37: =IF(OR(K37="",L37=""),"",IF(K37>L37,"1",IF(K37<L37,"2","X"))) -> 2 | N37: =IF(M37="","",IF(M37="1",I37,IF(M37="2",J37,"Oavgjort"))) -> Japan | P37: =B28 -> Ecuador | Q37: =SUMPRODUCT(($H$5:$H$76="E")*($I$5:$I$76=P37)*($K$5:$K$76<>"")*($K$5:$K$76>$L$5:$L$76))+SUMPRODUCT(($H$5:$H$76="E")*($J$5:$J$76=P37)*($L$5:$L$76<>"")*($L$5:$L$76>$K$5:$K$76)) -> 1 | R37: =SUMPRODUCT(($H$5:$H$76="E")*(($I$5:$I$76=P37)+($J$5:$J$76=P37))*($K$5:$K$76<>"")*($K$5:$K$76=$L$5:$L$76)) -> 1 | S37: =SUMPRODUCT(($H$5:$H$76="E")*($I$5:$I$76=P37)*($K$5:$K$76<>"")*($K$5:$K$76<$L$5:$L$76))+SUMPRODUCT(($H$5:$H$76="E")*($J$5:$J$76=P37)*($L$5:$L$76<>"")*($L$5:$L$76<$K$5:$K$76)) -> 1 | T37: =SUMIFS($K$5:$K$76,$H$5:$H$76,"E",$I$5:$I$76,P37)+SUMIFS($L$5:$L$76,$H$5:$H$76,"E",$J$5:$J$76,P37) -> 2 | U37: =SUMIFS($L$5:$L$76,$H$5:$H$76,"E",$I$5:$I$76,P37)+SUMIFS($K$5:$K$76,$H$5:$H$76,"E",$J$5:$J$76,P37) -> 2 | V37: =T37-U37 -> 0 | W37: =Q37*3+R37 -> 4
A38: G4 | B38: Nya Zeeland | C38: 34 | D38: 46193 | E38: 0.79166667 | F38: NRG Stadium (Houston) | G38: Gruppspel | H38: F | I38: Nederländerna | J38: Sverige | K38: 5 | L38: 1 | M38: =IF(OR(K38="",L38=""),"",IF(K38>L38,"1",IF(K38<L38,"2","X"))) -> 1 | N38: =IF(M38="","",IF(M38="1",I38,IF(M38="2",J38,"Oavgjort"))) -> Nederländerna
A39: Grupp H | C39: 35 | D39: 46199 | E39: 0.041666667 | F39: Arrowhead Stadium (Kansas City) | G39: Gruppspel | H39: F | I39: Tunisien | J39: Nederländerna | K39: 1 | L39: 3 | M39: =IF(OR(K39="",L39=""),"",IF(K39>L39,"1",IF(K39<L39,"2","X"))) -> 2 | N39: =IF(M39="","",IF(M39="1",I39,IF(M39="2",J39,"Oavgjort"))) -> Nederländerna | P39: Grupp F
A40: H1 | B40: Spanien | C40: 36 | D40: 46199 | E40: 0.041666667 | F40: AT&T Stadium (Dallas) | G40: Gruppspel | H40: F | I40: Japan | J40: Sverige | K40: 1 | L40: 1 | M40: =IF(OR(K40="",L40=""),"",IF(K40>L40,"1",IF(K40<L40,"2","X"))) -> X | N40: =IF(M40="","",IF(M40="1",I40,IF(M40="2",J40,"Oavgjort"))) -> Oavgjort | P40: Lag | Q40: V | R40: O | S40: F | T40: GM | U40: IM | V40: +/- | W40: P
A41: H2 | B41: Kap Verde | C41: 37 | D41: 46188 | E41: 0.875 | F41: Lumen Field (Seattle) | G41: Gruppspel | H41: G | I41: Belgien | J41: Egypten | K41: 1 | L41: 1 | M41: =IF(OR(K41="",L41=""),"",IF(K41>L41,"1",IF(K41<L41,"2","X"))) -> X | N41: =IF(M41="","",IF(M41="1",I41,IF(M41="2",J41,"Oavgjort"))) -> Oavgjort | P41: =B30 -> Nederländerna | Q41: =SUMPRODUCT(($H$5:$H$76="F")*($I$5:$I$76=P41)*($K$5:$K$76<>"")*($K$5:$K$76>$L$5:$L$76))+SUMPRODUCT(($H$5:$H$76="F")*($J$5:$J$76=P41)*($L$5:$L$76<>"")*($L$5:$L$76>$K$5:$K$76)) -> 2 | R41: =SUMPRODUCT(($H$5:$H$76="F")*(($I$5:$I$76=P41)+($J$5:$J$76=P41))*($K$5:$K$76<>"")*($K$5:$K$76=$L$5:$L$76)) -> 1 | S41: =SUMPRODUCT(($H$5:$H$76="F")*($I$5:$I$76=P41)*($K$5:$K$76<>"")*($K$5:$K$76<$L$5:$L$76))+SUMPRODUCT(($H$5:$H$76="F")*($J$5:$J$76=P41)*($L$5:$L$76<>"")*($L$5:$L$76<$K$5:$K$76)) -> 0 | T41: =SUMIFS($K$5:$K$76,$H$5:$H$76,"F",$I$5:$I$76,P41)+SUMIFS($L$5:$L$76,$H$5:$H$76,"F",$J$5:$J$76,P41) -> 10 | U41: =SUMIFS($L$5:$L$76,$H$5:$H$76,"F",$I$5:$I$76,P41)+SUMIFS($K$5:$K$76,$H$5:$H$76,"F",$J$5:$J$76,P41) -> 4 | V41: =T41-U41 -> 6 | W41: =Q41*3+R41 -> 7
A42: H3 | B42: Saudiarabien | C42: 38 | D42: 46189 | E42: 0.125 | F42: SoFi Stadium (Los Angeles) | G42: Gruppspel | H42: G | I42: Iran | J42: Nya Zeeland | K42: 2 | L42: 2 | M42: =IF(OR(K42="",L42=""),"",IF(K42>L42,"1",IF(K42<L42,"2","X"))) -> X | N42: =IF(M42="","",IF(M42="1",I42,IF(M42="2",J42,"Oavgjort"))) -> Oavgjort | P42: =B31 -> Japan | Q42: =SUMPRODUCT(($H$5:$H$76="F")*($I$5:$I$76=P42)*($K$5:$K$76<>"")*($K$5:$K$76>$L$5:$L$76))+SUMPRODUCT(($H$5:$H$76="F")*($J$5:$J$76=P42)*($L$5:$L$76<>"")*($L$5:$L$76>$K$5:$K$76)) -> 1 | R42: =SUMPRODUCT(($H$5:$H$76="F")*(($I$5:$I$76=P42)+($J$5:$J$76=P42))*($K$5:$K$76<>"")*($K$5:$K$76=$L$5:$L$76)) -> 2 | S42: =SUMPRODUCT(($H$5:$H$76="F")*($I$5:$I$76=P42)*($K$5:$K$76<>"")*($K$5:$K$76<$L$5:$L$76))+SUMPRODUCT(($H$5:$H$76="F")*($J$5:$J$76=P42)*($L$5:$L$76<>"")*($L$5:$L$76<$K$5:$K$76)) -> 0 | T42: =SUMIFS($K$5:$K$76,$H$5:$H$76,"F",$I$5:$I$76,P42)+SUMIFS($L$5:$L$76,$H$5:$H$76,"F",$J$5:$J$76,P42) -> 7 | U42: =SUMIFS($L$5:$L$76,$H$5:$H$76,"F",$I$5:$I$76,P42)+SUMIFS($K$5:$K$76,$H$5:$H$76,"F",$J$5:$J$76,P42) -> 3 | V42: =T42-U42 -> 4 | W42: =Q42*3+R42 -> 5
A43: H4 | B43: Uruguay | C43: 39 | D43: 46195 | E43: 0.125 | F43: BC Place (Vancouver) | G43: Gruppspel | H43: G | I43: Nya Zeeland | J43: Egypten | K43: 1 | L43: 3 | M43: =IF(OR(K43="",L43=""),"",IF(K43>L43,"1",IF(K43<L43,"2","X"))) -> 2 | N43: =IF(M43="","",IF(M43="1",I43,IF(M43="2",J43,"Oavgjort"))) -> Egypten | P43: =B32 -> Sverige | Q43: =SUMPRODUCT(($H$5:$H$76="F")*($I$5:$I$76=P43)*($K$5:$K$76<>"")*($K$5:$K$76>$L$5:$L$76))+SUMPRODUCT(($H$5:$H$76="F")*($J$5:$J$76=P43)*($L$5:$L$76<>"")*($L$5:$L$76>$K$5:$K$76)) -> 1 | R43: =SUMPRODUCT(($H$5:$H$76="F")*(($I$5:$I$76=P43)+($J$5:$J$76=P43))*($K$5:$K$76<>"")*($K$5:$K$76=$L$5:$L$76)) -> 1 | S43: =SUMPRODUCT(($H$5:$H$76="F")*($I$5:$I$76=P43)*($K$5:$K$76<>"")*($K$5:$K$76<$L$5:$L$76))+SUMPRODUCT(($H$5:$H$76="F")*($J$5:$J$76=P43)*($L$5:$L$76<>"")*($L$5:$L$76<$K$5:$K$76)) -> 1 | T43: =SUMIFS($K$5:$K$76,$H$5:$H$76,"F",$I$5:$I$76,P43)+SUMIFS($L$5:$L$76,$H$5:$H$76,"F",$J$5:$J$76,P43) -> 7 | U43: =SUMIFS($L$5:$L$76,$H$5:$H$76,"F",$I$5:$I$76,P43)+SUMIFS($K$5:$K$76,$H$5:$H$76,"F",$J$5:$J$76,P43) -> 7 | V43: =T43-U43 -> 0 | W43: =Q43*3+R43 -> 4
A44: Grupp I | C44: 40 | D44: 46194 | E44: 0.875 | F44: SoFi Stadium (Los Angeles) | G44: Gruppspel | H44: G | I44: Belgien | J44: Iran | K44: 0 | L44: 0 | M44: =IF(OR(K44="",L44=""),"",IF(K44>L44,"1",IF(K44<L44,"2","X"))) -> X | N44: =IF(M44="","",IF(M44="1",I44,IF(M44="2",J44,"Oavgjort"))) -> Oavgjort | P44: =B33 -> Tunisien | Q44: =SUMPRODUCT(($H$5:$H$76="F")*($I$5:$I$76=P44)*($K$5:$K$76<>"")*($K$5:$K$76>$L$5:$L$76))+SUMPRODUCT(($H$5:$H$76="F")*($J$5:$J$76=P44)*($L$5:$L$76<>"")*($L$5:$L$76>$K$5:$K$76)) -> 0 | R44: =SUMPRODUCT(($H$5:$H$76="F")*(($I$5:$I$76=P44)+($J$5:$J$76=P44))*($K$5:$K$76<>"")*($K$5:$K$76=$L$5:$L$76)) -> 0 | S44: =SUMPRODUCT(($H$5:$H$76="F")*($I$5:$I$76=P44)*($K$5:$K$76<>"")*($K$5:$K$76<$L$5:$L$76))+SUMPRODUCT(($H$5:$H$76="F")*($J$5:$J$76=P44)*($L$5:$L$76<>"")*($L$5:$L$76<$K$5:$K$76)) -> 3 | T44: =SUMIFS($K$5:$K$76,$H$5:$H$76,"F",$I$5:$I$76,P44)+SUMIFS($L$5:$L$76,$H$5:$H$76,"F",$J$5:$J$76,P44) -> 2 | U44: =SUMIFS($L$5:$L$76,$H$5:$H$76,"F",$I$5:$I$76,P44)+SUMIFS($K$5:$K$76,$H$5:$H$76,"F",$J$5:$J$76,P44) -> 12 | V44: =T44-U44 -> -10 | W44: =Q44*3+R44 -> 0
A45: I1 | B45: Frankrike | C45: 41 | D45: 46200 | E45: 0.20833333 | F45: BC Place (Vancouver) | G45: Gruppspel | H45: G | I45: Nya Zeeland | J45: Belgien | K45: 1 | L45: 5 | M45: =IF(OR(K45="",L45=""),"",IF(K45>L45,"1",IF(K45<L45,"2","X"))) -> 2 | N45: =IF(M45="","",IF(M45="1",I45,IF(M45="2",J45,"Oavgjort"))) -> Belgien
A46: I2 | B46: Senegal | C46: 42 | D46: 46200 | E46: 0.20833333 | F46: Lumen Field (Seattle) | G46: Gruppspel | H46: G | I46: Egypten | J46: Iran | K46: 1 | L46: 1 | M46: =IF(OR(K46="",L46=""),"",IF(K46>L46,"1",IF(K46<L46,"2","X"))) -> X | N46: =IF(M46="","",IF(M46="1",I46,IF(M46="2",J46,"Oavgjort"))) -> Oavgjort | P46: Grupp G
A47: I3 | B47: Irak | C47: 43 | D47: 46188 | E47: 0.75 | F47: Mercedes-Benz Stadium (Atlanta) | G47: Gruppspel | H47: H | I47: Spanien | J47: Kap Verde | K47: 0 | L47: 0 | M47: =IF(OR(K47="",L47=""),"",IF(K47>L47,"1",IF(K47<L47,"2","X"))) -> X | N47: =IF(M47="","",IF(M47="1",I47,IF(M47="2",J47,"Oavgjort"))) -> Oavgjort | P47: Lag | Q47: V | R47: O | S47: F | T47: GM | U47: IM | V47: +/- | W47: P
A48: I4 | B48: Norge | C48: 44 | D48: 46189 | E48: 0 | F48: Hard Rock Stadium (Miami) | G48: Gruppspel | H48: H | I48: Saudiarabien | J48: Uruguay | K48: 1 | L48: 1 | M48: =IF(OR(K48="",L48=""),"",IF(K48>L48,"1",IF(K48<L48,"2","X"))) -> X | N48: =IF(M48="","",IF(M48="1",I48,IF(M48="2",J48,"Oavgjort"))) -> Oavgjort | P48: =B35 -> Belgien | Q48: =SUMPRODUCT(($H$5:$H$76="G")*($I$5:$I$76=P48)*($K$5:$K$76<>"")*($K$5:$K$76>$L$5:$L$76))+SUMPRODUCT(($H$5:$H$76="G")*($J$5:$J$76=P48)*($L$5:$L$76<>"")*($L$5:$L$76>$K$5:$K$76)) -> 1 | R48: =SUMPRODUCT(($H$5:$H$76="G")*(($I$5:$I$76=P48)+($J$5:$J$76=P48))*($K$5:$K$76<>"")*($K$5:$K$76=$L$5:$L$76)) -> 2 | S48: =SUMPRODUCT(($H$5:$H$76="G")*($I$5:$I$76=P48)*($K$5:$K$76<>"")*($K$5:$K$76<$L$5:$L$76))+SUMPRODUCT(($H$5:$H$76="G")*($J$5:$J$76=P48)*($L$5:$L$76<>"")*($L$5:$L$76<$K$5:$K$76)) -> 0 | T48: =SUMIFS($K$5:$K$76,$H$5:$H$76,"G",$I$5:$I$76,P48)+SUMIFS($L$5:$L$76,$H$5:$H$76,"G",$J$5:$J$76,P48) -> 6 | U48: =SUMIFS($L$5:$L$76,$H$5:$H$76,"G",$I$5:$I$76,P48)+SUMIFS($K$5:$K$76,$H$5:$H$76,"G",$J$5:$J$76,P48) -> 2 | V48: =T48-U48 -> 4 | W48: =Q48*3+R48 -> 5
A49: Grupp J | C49: 45 | D49: 46195 | E49: 0 | F49: Hard Rock Stadium (Miami) | G49: Gruppspel | H49: H | I49: Uruguay | J49: Kap Verde | K49: 2 | L49: 2 | M49: =IF(OR(K49="",L49=""),"",IF(K49>L49,"1",IF(K49<L49,"2","X"))) -> X | N49: =IF(M49="","",IF(M49="1",I49,IF(M49="2",J49,"Oavgjort"))) -> Oavgjort | P49: =B36 -> Egypten | Q49: =SUMPRODUCT(($H$5:$H$76="G")*($I$5:$I$76=P49)*($K$5:$K$76<>"")*($K$5:$K$76>$L$5:$L$76))+SUMPRODUCT(($H$5:$H$76="G")*($J$5:$J$76=P49)*($L$5:$L$76<>"")*($L$5:$L$76>$K$5:$K$76)) -> 1 | R49: =SUMPRODUCT(($H$5:$H$76="G")*(($I$5:$I$76=P49)+($J$5:$J$76=P49))*($K$5:$K$76<>"")*($K$5:$K$76=$L$5:$L$76)) -> 2 | S49: =SUMPRODUCT(($H$5:$H$76="G")*($I$5:$I$76=P49)*($K$5:$K$76<>"")*($K$5:$K$76<$L$5:$L$76))+SUMPRODUCT(($H$5:$H$76="G")*($J$5:$J$76=P49)*($L$5:$L$76<>"")*($L$5:$L$76<$K$5:$K$76)) -> 0 | T49: =SUMIFS($K$5:$K$76,$H$5:$H$76,"G",$I$5:$I$76,P49)+SUMIFS($L$5:$L$76,$H$5:$H$76,"G",$J$5:$J$76,P49) -> 5 | U49: =SUMIFS($L$5:$L$76,$H$5:$H$76,"G",$I$5:$I$76,P49)+SUMIFS($K$5:$K$76,$H$5:$H$76,"G",$J$5:$J$76,P49) -> 3 | V49: =T49-U49 -> 2 | W49: =Q49*3+R49 -> 5
A50: J1 | B50: Argentina | C50: 46 | D50: 46194 | E50: 0.75 | F50: Mercedes-Benz Stadium (Atlanta) | G50: Gruppspel | H50: H | I50: Spanien | J50: Saudiarabien | K50: 4 | L50: 0 | M50: =IF(OR(K50="",L50=""),"",IF(K50>L50,"1",IF(K50<L50,"2","X"))) -> 1 | N50: =IF(M50="","",IF(M50="1",I50,IF(M50="2",J50,"Oavgjort"))) -> Spanien | P50: =B37 -> Iran | Q50: =SUMPRODUCT(($H$5:$H$76="G")*($I$5:$I$76=P50)*($K$5:$K$76<>"")*($K$5:$K$76>$L$5:$L$76))+SUMPRODUCT(($H$5:$H$76="G")*($J$5:$J$76=P50)*($L$5:$L$76<>"")*($L$5:$L$76>$K$5:$K$76)) -> 0 | R50: =SUMPRODUCT(($H$5:$H$76="G")*(($I$5:$I$76=P50)+($J$5:$J$76=P50))*($K$5:$K$76<>"")*($K$5:$K$76=$L$5:$L$76)) -> 3 | S50: =SUMPRODUCT(($H$5:$H$76="G")*($I$5:$I$76=P50)*($K$5:$K$76<>"")*($K$5:$K$76<$L$5:$L$76))+SUMPRODUCT(($H$5:$H$76="G")*($J$5:$J$76=P50)*($L$5:$L$76<>"")*($L$5:$L$76<$K$5:$K$76)) -> 0 | T50: =SUMIFS($K$5:$K$76,$H$5:$H$76,"G",$I$5:$I$76,P50)+SUMIFS($L$5:$L$76,$H$5:$H$76,"G",$J$5:$J$76,P50) -> 3 | U50: =SUMIFS($L$5:$L$76,$H$5:$H$76,"G",$I$5:$I$76,P50)+SUMIFS($K$5:$K$76,$H$5:$H$76,"G",$J$5:$J$76,P50) -> 3 | V50: =T50-U50 -> 0 | W50: =Q50*3+R50 -> 3
A51: J2 | B51: Algeriet | C51: 47 | D51: 46200 | E51: 0.083333333 | F51: Estadio Akron (Guadalajara) | G51: Gruppspel | H51: H | I51: Uruguay | J51: Spanien | K51: 0 | L51: 1 | M51: =IF(OR(K51="",L51=""),"",IF(K51>L51,"1",IF(K51<L51,"2","X"))) -> 2 | N51: =IF(M51="","",IF(M51="1",I51,IF(M51="2",J51,"Oavgjort"))) -> Spanien | P51: =B38 -> Nya Zeeland | Q51: =SUMPRODUCT(($H$5:$H$76="G")*($I$5:$I$76=P51)*($K$5:$K$76<>"")*($K$5:$K$76>$L$5:$L$76))+SUMPRODUCT(($H$5:$H$76="G")*($J$5:$J$76=P51)*($L$5:$L$76<>"")*($L$5:$L$76>$K$5:$K$76)) -> 0 | R51: =SUMPRODUCT(($H$5:$H$76="G")*(($I$5:$I$76=P51)+($J$5:$J$76=P51))*($K$5:$K$76<>"")*($K$5:$K$76=$L$5:$L$76)) -> 1 | S51: =SUMPRODUCT(($H$5:$H$76="G")*($I$5:$I$76=P51)*($K$5:$K$76<>"")*($K$5:$K$76<$L$5:$L$76))+SUMPRODUCT(($H$5:$H$76="G")*($J$5:$J$76=P51)*($L$5:$L$76<>"")*($L$5:$L$76<$K$5:$K$76)) -> 2 | T51: =SUMIFS($K$5:$K$76,$H$5:$H$76,"G",$I$5:$I$76,P51)+SUMIFS($L$5:$L$76,$H$5:$H$76,"G",$J$5:$J$76,P51) -> 4 | U51: =SUMIFS($L$5:$L$76,$H$5:$H$76,"G",$I$5:$I$76,P51)+SUMIFS($K$5:$K$76,$H$5:$H$76,"G",$J$5:$J$76,P51) -> 10 | V51: =T51-U51 -> -6 | W51: =Q51*3+R51 -> 1
A52: J3 | B52: Österrike | C52: 48 | D52: 46200 | E52: 0.083333333 | F52: NRG Stadium (Houston) | G52: Gruppspel | H52: H | I52: Kap Verde | J52: Saudiarabien | K52: 0 | L52: 0 | M52: =IF(OR(K52="",L52=""),"",IF(K52>L52,"1",IF(K52<L52,"2","X"))) -> X | N52: =IF(M52="","",IF(M52="1",I52,IF(M52="2",J52,"Oavgjort"))) -> Oavgjort
A53: J4 | B53: Jordanien | C53: 49 | D53: 46189 | E53: 0.875 | F53: MetLife Stadium (New York/New Jersey) | G53: Gruppspel | H53: I | I53: Frankrike | J53: Senegal | K53: 3 | L53: 1 | M53: =IF(OR(K53="",L53=""),"",IF(K53>L53,"1",IF(K53<L53,"2","X"))) -> 1 | N53: =IF(M53="","",IF(M53="1",I53,IF(M53="2",J53,"Oavgjort"))) -> Frankrike | P53: Grupp H
A54: Grupp K | C54: 50 | D54: 46190 | E54: 0 | F54: Gillette Stadium (Boston) | G54: Gruppspel | H54: I | I54: Irak | J54: Norge | K54: 1 | L54: 4 | M54: =IF(OR(K54="",L54=""),"",IF(K54>L54,"1",IF(K54<L54,"2","X"))) -> 2 | N54: =IF(M54="","",IF(M54="1",I54,IF(M54="2",J54,"Oavgjort"))) -> Norge | P54: Lag | Q54: V | R54: O | S54: F | T54: GM | U54: IM | V54: +/- | W54: P
A55: K1 | B55: Portugal | C55: 51 | D55: 46196 | E55: 0.083333333 | F55: MetLife Stadium (New York/New Jersey) | G55: Gruppspel | H55: I | I55: Norge | J55: Senegal | K55: 3 | L55: 2 | M55: =IF(OR(K55="",L55=""),"",IF(K55>L55,"1",IF(K55<L55,"2","X"))) -> 1 | N55: =IF(M55="","",IF(M55="1",I55,IF(M55="2",J55,"Oavgjort"))) -> Norge | P55: =B40 -> Spanien | Q55: =SUMPRODUCT(($H$5:$H$76="H")*($I$5:$I$76=P55)*($K$5:$K$76<>"")*($K$5:$K$76>$L$5:$L$76))+SUMPRODUCT(($H$5:$H$76="H")*($J$5:$J$76=P55)*($L$5:$L$76<>"")*($L$5:$L$76>$K$5:$K$76)) -> 2 | R55: =SUMPRODUCT(($H$5:$H$76="H")*(($I$5:$I$76=P55)+($J$5:$J$76=P55))*($K$5:$K$76<>"")*($K$5:$K$76=$L$5:$L$76)) -> 1 | S55: =SUMPRODUCT(($H$5:$H$76="H")*($I$5:$I$76=P55)*($K$5:$K$76<>"")*($K$5:$K$76<$L$5:$L$76))+SUMPRODUCT(($H$5:$H$76="H")*($J$5:$J$76=P55)*($L$5:$L$76<>"")*($L$5:$L$76<$K$5:$K$76)) -> 0 | T55: =SUMIFS($K$5:$K$76,$H$5:$H$76,"H",$I$5:$I$76,P55)+SUMIFS($L$5:$L$76,$H$5:$H$76,"H",$J$5:$J$76,P55) -> 5 | U55: =SUMIFS($L$5:$L$76,$H$5:$H$76,"H",$I$5:$I$76,P55)+SUMIFS($K$5:$K$76,$H$5:$H$76,"H",$J$5:$J$76,P55) -> 0 | V55: =T55-U55 -> 5 | W55: =Q55*3+R55 -> 7
A56: K2 | B56: Kongo-Kinshasa | C56: 52 | D56: 46195 | E56: 0.95833333 | F56: Lincoln Financial Field (Philadelphia) | G56: Gruppspel | H56: I | I56: Frankrike | J56: Irak | K56: 3 | L56: 0 | M56: =IF(OR(K56="",L56=""),"",IF(K56>L56,"1",IF(K56<L56,"2","X"))) -> 1 | N56: =IF(M56="","",IF(M56="1",I56,IF(M56="2",J56,"Oavgjort"))) -> Frankrike | P56: =B41 -> Kap Verde | Q56: =SUMPRODUCT(($H$5:$H$76="H")*($I$5:$I$76=P56)*($K$5:$K$76<>"")*($K$5:$K$76>$L$5:$L$76))+SUMPRODUCT(($H$5:$H$76="H")*($J$5:$J$76=P56)*($L$5:$L$76<>"")*($L$5:$L$76>$K$5:$K$76)) -> 0 | R56: =SUMPRODUCT(($H$5:$H$76="H")*(($I$5:$I$76=P56)+($J$5:$J$76=P56))*($K$5:$K$76<>"")*($K$5:$K$76=$L$5:$L$76)) -> 3 | S56: =SUMPRODUCT(($H$5:$H$76="H")*($I$5:$I$76=P56)*($K$5:$K$76<>"")*($K$5:$K$76<$L$5:$L$76))+SUMPRODUCT(($H$5:$H$76="H")*($J$5:$J$76=P56)*($L$5:$L$76<>"")*($L$5:$L$76<$K$5:$K$76)) -> 0 | T56: =SUMIFS($K$5:$K$76,$H$5:$H$76,"H",$I$5:$I$76,P56)+SUMIFS($L$5:$L$76,$H$5:$H$76,"H",$J$5:$J$76,P56) -> 2 | U56: =SUMIFS($L$5:$L$76,$H$5:$H$76,"H",$I$5:$I$76,P56)+SUMIFS($K$5:$K$76,$H$5:$H$76,"H",$J$5:$J$76,P56) -> 2 | V56: =T56-U56 -> 0 | W56: =Q56*3+R56 -> 3
A57: K3 | B57: Uzbekistan | C57: 53 | D57: 46199 | E57: 0.875 | F57: Gillette Stadium (Boston) | G57: Gruppspel | H57: I | I57: Norge | J57: Frankrike | K57: 1 | L57: 4 | M57: =IF(OR(K57="",L57=""),"",IF(K57>L57,"1",IF(K57<L57,"2","X"))) -> 2 | N57: =IF(M57="","",IF(M57="1",I57,IF(M57="2",J57,"Oavgjort"))) -> Frankrike | P57: =B42 -> Saudiarabien | Q57: =SUMPRODUCT(($H$5:$H$76="H")*($I$5:$I$76=P57)*($K$5:$K$76<>"")*($K$5:$K$76>$L$5:$L$76))+SUMPRODUCT(($H$5:$H$76="H")*($J$5:$J$76=P57)*($L$5:$L$76<>"")*($L$5:$L$76>$K$5:$K$76)) -> 0 | R57: =SUMPRODUCT(($H$5:$H$76="H")*(($I$5:$I$76=P57)+($J$5:$J$76=P57))*($K$5:$K$76<>"")*($K$5:$K$76=$L$5:$L$76)) -> 2 | S57: =SUMPRODUCT(($H$5:$H$76="H")*($I$5:$I$76=P57)*($K$5:$K$76<>"")*($K$5:$K$76<$L$5:$L$76))+SUMPRODUCT(($H$5:$H$76="H")*($J$5:$J$76=P57)*($L$5:$L$76<>"")*($L$5:$L$76<$K$5:$K$76)) -> 1 | T57: =SUMIFS($K$5:$K$76,$H$5:$H$76,"H",$I$5:$I$76,P57)+SUMIFS($L$5:$L$76,$H$5:$H$76,"H",$J$5:$J$76,P57) -> 1 | U57: =SUMIFS($L$5:$L$76,$H$5:$H$76,"H",$I$5:$I$76,P57)+SUMIFS($K$5:$K$76,$H$5:$H$76,"H",$J$5:$J$76,P57) -> 5 | V57: =T57-U57 -> -4 | W57: =Q57*3+R57 -> 2
A58: K4 | B58: Colombia | C58: 54 | D58: 46199 | E58: 0.875 | F58: BMO Field (Toronto) | G58: Gruppspel | H58: I | I58: Senegal | J58: Irak | K58: 5 | L58: 0 | M58: =IF(OR(K58="",L58=""),"",IF(K58>L58,"1",IF(K58<L58,"2","X"))) -> 1 | N58: =IF(M58="","",IF(M58="1",I58,IF(M58="2",J58,"Oavgjort"))) -> Senegal | P58: =B43 -> Uruguay | Q58: =SUMPRODUCT(($H$5:$H$76="H")*($I$5:$I$76=P58)*($K$5:$K$76<>"")*($K$5:$K$76>$L$5:$L$76))+SUMPRODUCT(($H$5:$H$76="H")*($J$5:$J$76=P58)*($L$5:$L$76<>"")*($L$5:$L$76>$K$5:$K$76)) -> 0 | R58: =SUMPRODUCT(($H$5:$H$76="H")*(($I$5:$I$76=P58)+($J$5:$J$76=P58))*($K$5:$K$76<>"")*($K$5:$K$76=$L$5:$L$76)) -> 2 | S58: =SUMPRODUCT(($H$5:$H$76="H")*($I$5:$I$76=P58)*($K$5:$K$76<>"")*($K$5:$K$76<$L$5:$L$76))+SUMPRODUCT(($H$5:$H$76="H")*($J$5:$J$76=P58)*($L$5:$L$76<>"")*($L$5:$L$76<$K$5:$K$76)) -> 1 | T58: =SUMIFS($K$5:$K$76,$H$5:$H$76,"H",$I$5:$I$76,P58)+SUMIFS($L$5:$L$76,$H$5:$H$76,"H",$J$5:$J$76,P58) -> 3 | U58: =SUMIFS($L$5:$L$76,$H$5:$H$76,"H",$I$5:$I$76,P58)+SUMIFS($K$5:$K$76,$H$5:$H$76,"H",$J$5:$J$76,P58) -> 4 | V58: =T58-U58 -> -1 | W58: =Q58*3+R58 -> 2
A59: Grupp L | C59: 55 | D59: 46190 | E59: 0.125 | F59: Arrowhead Stadium (Kansas City) | G59: Gruppspel | H59: J | I59: Argentina | J59: Algeriet | K59: 3 | L59: 0 | M59: =IF(OR(K59="",L59=""),"",IF(K59>L59,"1",IF(K59<L59,"2","X"))) -> 1 | N59: =IF(M59="","",IF(M59="1",I59,IF(M59="2",J59,"Oavgjort"))) -> Argentina
A60: L1 | B60: England | C60: 56 | D60: 46190 | E60: 0.25 | F60: Levi’s Stadium (San Francisco Bay Area) | G60: Gruppspel | H60: J | I60: Österrike | J60: Jordanien | K60: 3 | L60: 1 | M60: =IF(OR(K60="",L60=""),"",IF(K60>L60,"1",IF(K60<L60,"2","X"))) -> 1 | N60: =IF(M60="","",IF(M60="1",I60,IF(M60="2",J60,"Oavgjort"))) -> Österrike | P60: Grupp I
A61: L2 | B61: Kroatien | C61: 57 | D61: 46196 | E61: 0.20833333 | F61: Levi’s Stadium (San Francisco Bay Area) | G61: Gruppspel | H61: J | I61: Jordanien | J61: Algeriet | K61: 1 | L61: 2 | M61: =IF(OR(K61="",L61=""),"",IF(K61>L61,"1",IF(K61<L61,"2","X"))) -> 2 | N61: =IF(M61="","",IF(M61="1",I61,IF(M61="2",J61,"Oavgjort"))) -> Algeriet | P61: Lag | Q61: V | R61: O | S61: F | T61: GM | U61: IM | V61: +/- | W61: P
A62: L3 | B62: Ghana | C62: 58 | D62: 46195 | E62: 0.79166667 | F62: AT&T Stadium (Dallas) | G62: Gruppspel | H62: J | I62: Argentina | J62: Österrike | K62: 2 | L62: 0 | M62: =IF(OR(K62="",L62=""),"",IF(K62>L62,"1",IF(K62<L62,"2","X"))) -> 1 | N62: =IF(M62="","",IF(M62="1",I62,IF(M62="2",J62,"Oavgjort"))) -> Argentina | P62: =B45 -> Frankrike | Q62: =SUMPRODUCT(($H$5:$H$76="I")*($I$5:$I$76=P62)*($K$5:$K$76<>"")*($K$5:$K$76>$L$5:$L$76))+SUMPRODUCT(($H$5:$H$76="I")*($J$5:$J$76=P62)*($L$5:$L$76<>"")*($L$5:$L$76>$K$5:$K$76)) -> 3 | R62: =SUMPRODUCT(($H$5:$H$76="I")*(($I$5:$I$76=P62)+($J$5:$J$76=P62))*($K$5:$K$76<>"")*($K$5:$K$76=$L$5:$L$76)) -> 0 | S62: =SUMPRODUCT(($H$5:$H$76="I")*($I$5:$I$76=P62)*($K$5:$K$76<>"")*($K$5:$K$76<$L$5:$L$76))+SUMPRODUCT(($H$5:$H$76="I")*($J$5:$J$76=P62)*($L$5:$L$76<>"")*($L$5:$L$76<$K$5:$K$76)) -> 0 | T62: =SUMIFS($K$5:$K$76,$H$5:$H$76,"I",$I$5:$I$76,P62)+SUMIFS($L$5:$L$76,$H$5:$H$76,"I",$J$5:$J$76,P62) -> 10 | U62: =SUMIFS($L$5:$L$76,$H$5:$H$76,"I",$I$5:$I$76,P62)+SUMIFS($K$5:$K$76,$H$5:$H$76,"I",$J$5:$J$76,P62) -> 2 | V62: =T62-U62 -> 8 | W62: =Q62*3+R62 -> 9
A63: L4 | B63: Panama | C63: 59 | D63: 46201 | E63: 0.16666667 | F63: AT&T Stadium (Dallas) | G63: Gruppspel | H63: J | I63: Jordanien | J63: Argentina | K63: 1 | L63: 3 | M63: =IF(OR(K63="",L63=""),"",IF(K63>L63,"1",IF(K63<L63,"2","X"))) -> 2 | N63: =IF(M63="","",IF(M63="1",I63,IF(M63="2",J63,"Oavgjort"))) -> Argentina | P63: =B46 -> Senegal | Q63: =SUMPRODUCT(($H$5:$H$76="I")*($I$5:$I$76=P63)*($K$5:$K$76<>"")*($K$5:$K$76>$L$5:$L$76))+SUMPRODUCT(($H$5:$H$76="I")*($J$5:$J$76=P63)*($L$5:$L$76<>"")*($L$5:$L$76>$K$5:$K$76)) -> 1 | R63: =SUMPRODUCT(($H$5:$H$76="I")*(($I$5:$I$76=P63)+($J$5:$J$76=P63))*($K$5:$K$76<>"")*($K$5:$K$76=$L$5:$L$76)) -> 0 | S63: =SUMPRODUCT(($H$5:$H$76="I")*($I$5:$I$76=P63)*($K$5:$K$76<>"")*($K$5:$K$76<$L$5:$L$76))+SUMPRODUCT(($H$5:$H$76="I")*($J$5:$J$76=P63)*($L$5:$L$76<>"")*($L$5:$L$76<$K$5:$K$76)) -> 2 | T63: =SUMIFS($K$5:$K$76,$H$5:$H$76,"I",$I$5:$I$76,P63)+SUMIFS($L$5:$L$76,$H$5:$H$76,"I",$J$5:$J$76,P63) -> 8 | U63: =SUMIFS($L$5:$L$76,$H$5:$H$76,"I",$I$5:$I$76,P63)+SUMIFS($K$5:$K$76,$H$5:$H$76,"I",$J$5:$J$76,P63) -> 6 | V63: =T63-U63 -> 2 | W63: =Q63*3+R63 -> 3
C64: 60 | D64: 46201 | E64: 0.16666667 | F64: Arrowhead Stadium (Kansas City) | G64: Gruppspel | H64: J | I64: Algeriet | J64: Österrike | K64: 3 | L64: 3 | M64: =IF(OR(K64="",L64=""),"",IF(K64>L64,"1",IF(K64<L64,"2","X"))) -> X | N64: =IF(M64="","",IF(M64="1",I64,IF(M64="2",J64,"Oavgjort"))) -> Oavgjort | P64: =B47 -> Irak | Q64: =SUMPRODUCT(($H$5:$H$76="I")*($I$5:$I$76=P64)*($K$5:$K$76<>"")*($K$5:$K$76>$L$5:$L$76))+SUMPRODUCT(($H$5:$H$76="I")*($J$5:$J$76=P64)*($L$5:$L$76<>"")*($L$5:$L$76>$K$5:$K$76)) -> 0 | R64: =SUMPRODUCT(($H$5:$H$76="I")*(($I$5:$I$76=P64)+($J$5:$J$76=P64))*($K$5:$K$76<>"")*($K$5:$K$76=$L$5:$L$76)) -> 0 | S64: =SUMPRODUCT(($H$5:$H$76="I")*($I$5:$I$76=P64)*($K$5:$K$76<>"")*($K$5:$K$76<$L$5:$L$76))+SUMPRODUCT(($H$5:$H$76="I")*($J$5:$J$76=P64)*($L$5:$L$76<>"")*($L$5:$L$76<$K$5:$K$76)) -> 3 | T64: =SUMIFS($K$5:$K$76,$H$5:$H$76,"I",$I$5:$I$76,P64)+SUMIFS($L$5:$L$76,$H$5:$H$76,"I",$J$5:$J$76,P64) -> 1 | U64: =SUMIFS($L$5:$L$76,$H$5:$H$76,"I",$I$5:$I$76,P64)+SUMIFS($K$5:$K$76,$H$5:$H$76,"I",$J$5:$J$76,P64) -> 12 | V64: =T64-U64 -> -11 | W64: =Q64*3+R64 -> 0
C65: 61 | D65: 46190 | E65: 0.79166667 | F65: NRG Stadium (Houston) | G65: Gruppspel | H65: K | I65: Portugal | J65: Kongo-Kinshasa | K65: 1 | L65: 1 | M65: =IF(OR(K65="",L65=""),"",IF(K65>L65,"1",IF(K65<L65,"2","X"))) -> X | N65: =IF(M65="","",IF(M65="1",I65,IF(M65="2",J65,"Oavgjort"))) -> Oavgjort | P65: =B48 -> Norge | Q65: =SUMPRODUCT(($H$5:$H$76="I")*($I$5:$I$76=P65)*($K$5:$K$76<>"")*($K$5:$K$76>$L$5:$L$76))+SUMPRODUCT(($H$5:$H$76="I")*($J$5:$J$76=P65)*($L$5:$L$76<>"")*($L$5:$L$76>$K$5:$K$76)) -> 2 | R65: =SUMPRODUCT(($H$5:$H$76="I")*(($I$5:$I$76=P65)+($J$5:$J$76=P65))*($K$5:$K$76<>"")*($K$5:$K$76=$L$5:$L$76)) -> 0 | S65: =SUMPRODUCT(($H$5:$H$76="I")*($I$5:$I$76=P65)*($K$5:$K$76<>"")*($K$5:$K$76<$L$5:$L$76))+SUMPRODUCT(($H$5:$H$76="I")*($J$5:$J$76=P65)*($L$5:$L$76<>"")*($L$5:$L$76<$K$5:$K$76)) -> 1 | T65: =SUMIFS($K$5:$K$76,$H$5:$H$76,"I",$I$5:$I$76,P65)+SUMIFS($L$5:$L$76,$H$5:$H$76,"I",$J$5:$J$76,P65) -> 8 | U65: =SUMIFS($L$5:$L$76,$H$5:$H$76,"I",$I$5:$I$76,P65)+SUMIFS($K$5:$K$76,$H$5:$H$76,"I",$J$5:$J$76,P65) -> 7 | V65: =T65-U65 -> 1 | W65: =Q65*3+R65 -> 6
C66: 62 | D66: 46191 | E66: 0.16666667 | F66: Estadio Azteca (Mexico City) | G66: Gruppspel | H66: K | I66: Uzbekistan | J66: Colombia | K66: 1 | L66: 3 | M66: =IF(OR(K66="",L66=""),"",IF(K66>L66,"1",IF(K66<L66,"2","X"))) -> 2 | N66: =IF(M66="","",IF(M66="1",I66,IF(M66="2",J66,"Oavgjort"))) -> Colombia
C67: 63 | D67: 46197 | E67: 0.16666667 | F67: Estadio Akron (Guadalajara) | G67: Gruppspel | H67: K | I67: Colombia | J67: Kongo-Kinshasa | K67: 1 | L67: 0 | M67: =IF(OR(K67="",L67=""),"",IF(K67>L67,"1",IF(K67<L67,"2","X"))) -> 1 | N67: =IF(M67="","",IF(M67="1",I67,IF(M67="2",J67,"Oavgjort"))) -> Colombia | P67: Grupp J
C68: 64 | D68: 46196 | E68: 0.79166667 | F68: NRG Stadium (Houston) | G68: Gruppspel | H68: K | I68: Portugal | J68: Uzbekistan | K68: 5 | L68: 0 | M68: =IF(OR(K68="",L68=""),"",IF(K68>L68,"1",IF(K68<L68,"2","X"))) -> 1 | N68: =IF(M68="","",IF(M68="1",I68,IF(M68="2",J68,"Oavgjort"))) -> Portugal | P68: Lag | Q68: V | R68: O | S68: F | T68: GM | U68: IM | V68: +/- | W68: P
C69: 65 | D69: 46201 | E69: 0.0625 | F69: Hard Rock Stadium (Miami) | G69: Gruppspel | H69: K | I69: Colombia | J69: Portugal | K69: 0 | L69: 0 | M69: =IF(OR(K69="",L69=""),"",IF(K69>L69,"1",IF(K69<L69,"2","X"))) -> X | N69: =IF(M69="","",IF(M69="1",I69,IF(M69="2",J69,"Oavgjort"))) -> Oavgjort | P69: =B50 -> Argentina | Q69: =SUMPRODUCT(($H$5:$H$76="J")*($I$5:$I$76=P69)*($K$5:$K$76<>"")*($K$5:$K$76>$L$5:$L$76))+SUMPRODUCT(($H$5:$H$76="J")*($J$5:$J$76=P69)*($L$5:$L$76<>"")*($L$5:$L$76>$K$5:$K$76)) -> 3 | R69: =SUMPRODUCT(($H$5:$H$76="J")*(($I$5:$I$76=P69)+($J$5:$J$76=P69))*($K$5:$K$76<>"")*($K$5:$K$76=$L$5:$L$76)) -> 0 | S69: =SUMPRODUCT(($H$5:$H$76="J")*($I$5:$I$76=P69)*($K$5:$K$76<>"")*($K$5:$K$76<$L$5:$L$76))+SUMPRODUCT(($H$5:$H$76="J")*($J$5:$J$76=P69)*($L$5:$L$76<>"")*($L$5:$L$76<$K$5:$K$76)) -> 0 | T69: =SUMIFS($K$5:$K$76,$H$5:$H$76,"J",$I$5:$I$76,P69)+SUMIFS($L$5:$L$76,$H$5:$H$76,"J",$J$5:$J$76,P69) -> 8 | U69: =SUMIFS($L$5:$L$76,$H$5:$H$76,"J",$I$5:$I$76,P69)+SUMIFS($K$5:$K$76,$H$5:$H$76,"J",$J$5:$J$76,P69) -> 1 | V69: =T69-U69 -> 7 | W69: =Q69*3+R69 -> 9
C70: 66 | D70: 46201 | E70: 0.0625 | F70: Mercedes-Benz Stadium (Atlanta) | G70: Gruppspel | H70: K | I70: Kongo-Kinshasa | J70: Uzbekistan | K70: 3 | L70: 1 | M70: =IF(OR(K70="",L70=""),"",IF(K70>L70,"1",IF(K70<L70,"2","X"))) -> 1 | N70: =IF(M70="","",IF(M70="1",I70,IF(M70="2",J70,"Oavgjort"))) -> Kongo-Kinshasa | P70: =B51 -> Algeriet | Q70: =SUMPRODUCT(($H$5:$H$76="J")*($I$5:$I$76=P70)*($K$5:$K$76<>"")*($K$5:$K$76>$L$5:$L$76))+SUMPRODUCT(($H$5:$H$76="J")*($J$5:$J$76=P70)*($L$5:$L$76<>"")*($L$5:$L$76>$K$5:$K$76)) -> 1 | R70: =SUMPRODUCT(($H$5:$H$76="J")*(($I$5:$I$76=P70)+($J$5:$J$76=P70))*($K$5:$K$76<>"")*($K$5:$K$76=$L$5:$L$76)) -> 1 | S70: =SUMPRODUCT(($H$5:$H$76="J")*($I$5:$I$76=P70)*($K$5:$K$76<>"")*($K$5:$K$76<$L$5:$L$76))+SUMPRODUCT(($H$5:$H$76="J")*($J$5:$J$76=P70)*($L$5:$L$76<>"")*($L$5:$L$76<$K$5:$K$76)) -> 1 | T70: =SUMIFS($K$5:$K$76,$H$5:$H$76,"J",$I$5:$I$76,P70)+SUMIFS($L$5:$L$76,$H$5:$H$76,"J",$J$5:$J$76,P70) -> 5 | U70: =SUMIFS($L$5:$L$76,$H$5:$H$76,"J",$I$5:$I$76,P70)+SUMIFS($K$5:$K$76,$H$5:$H$76,"J",$J$5:$J$76,P70) -> 7 | V70: =T70-U70 -> -2 | W70: =Q70*3+R70 -> 4
C71: 67 | D71: 46190 | E71: 0.91666667 | F71: AT&T Stadium (Dallas) | G71: Gruppspel | H71: L | I71: England | J71: Kroatien | K71: 4 | L71: 2 | M71: =IF(OR(K71="",L71=""),"",IF(K71>L71,"1",IF(K71<L71,"2","X"))) -> 1 | N71: =IF(M71="","",IF(M71="1",I71,IF(M71="2",J71,"Oavgjort"))) -> England | P71: =B52 -> Österrike | Q71: =SUMPRODUCT(($H$5:$H$76="J")*($I$5:$I$76=P71)*($K$5:$K$76<>"")*($K$5:$K$76>$L$5:$L$76))+SUMPRODUCT(($H$5:$H$76="J")*($J$5:$J$76=P71)*($L$5:$L$76<>"")*($L$5:$L$76>$K$5:$K$76)) -> 1 | R71: =SUMPRODUCT(($H$5:$H$76="J")*(($I$5:$I$76=P71)+($J$5:$J$76=P71))*($K$5:$K$76<>"")*($K$5:$K$76=$L$5:$L$76)) -> 1 | S71: =SUMPRODUCT(($H$5:$H$76="J")*($I$5:$I$76=P71)*($K$5:$K$76<>"")*($K$5:$K$76<$L$5:$L$76))+SUMPRODUCT(($H$5:$H$76="J")*($J$5:$J$76=P71)*($L$5:$L$76<>"")*($L$5:$L$76<$K$5:$K$76)) -> 1 | T71: =SUMIFS($K$5:$K$76,$H$5:$H$76,"J",$I$5:$I$76,P71)+SUMIFS($L$5:$L$76,$H$5:$H$76,"J",$J$5:$J$76,P71) -> 6 | U71: =SUMIFS($L$5:$L$76,$H$5:$H$76,"J",$I$5:$I$76,P71)+SUMIFS($K$5:$K$76,$H$5:$H$76,"J",$J$5:$J$76,P71) -> 6 | V71: =T71-U71 -> 0 | W71: =Q71*3+R71 -> 4
C72: 68 | D72: 46191 | E72: 0.041666667 | F72: BMO Field (Toronto) | G72: Gruppspel | H72: L | I72: Ghana | J72: Panama | K72: 1 | L72: 0 | M72: =IF(OR(K72="",L72=""),"",IF(K72>L72,"1",IF(K72<L72,"2","X"))) -> 1 | N72: =IF(M72="","",IF(M72="1",I72,IF(M72="2",J72,"Oavgjort"))) -> Ghana | P72: =B53 -> Jordanien | Q72: =SUMPRODUCT(($H$5:$H$76="J")*($I$5:$I$76=P72)*($K$5:$K$76<>"")*($K$5:$K$76>$L$5:$L$76))+SUMPRODUCT(($H$5:$H$76="J")*($J$5:$J$76=P72)*($L$5:$L$76<>"")*($L$5:$L$76>$K$5:$K$76)) -> 0 | R72: =SUMPRODUCT(($H$5:$H$76="J")*(($I$5:$I$76=P72)+($J$5:$J$76=P72))*($K$5:$K$76<>"")*($K$5:$K$76=$L$5:$L$76)) -> 0 | S72: =SUMPRODUCT(($H$5:$H$76="J")*($I$5:$I$76=P72)*($K$5:$K$76<>"")*($K$5:$K$76<$L$5:$L$76))+SUMPRODUCT(($H$5:$H$76="J")*($J$5:$J$76=P72)*($L$5:$L$76<>"")*($L$5:$L$76<$K$5:$K$76)) -> 3 | T72: =SUMIFS($K$5:$K$76,$H$5:$H$76,"J",$I$5:$I$76,P72)+SUMIFS($L$5:$L$76,$H$5:$H$76,"J",$J$5:$J$76,P72) -> 3 | U72: =SUMIFS($L$5:$L$76,$H$5:$H$76,"J",$I$5:$I$76,P72)+SUMIFS($K$5:$K$76,$H$5:$H$76,"J",$J$5:$J$76,P72) -> 8 | V72: =T72-U72 -> -5 | W72: =Q72*3+R72 -> 0
C73: 69 | D73: 46197 | E73: 0.041666667 | F73: BMO Field (Toronto) | G73: Gruppspel | H73: L | I73: Panama | J73: Kroatien | K73: 0 | L73: 1 | M73: =IF(OR(K73="",L73=""),"",IF(K73>L73,"1",IF(K73<L73,"2","X"))) -> 2 | N73: =IF(M73="","",IF(M73="1",I73,IF(M73="2",J73,"Oavgjort"))) -> Kroatien
C74: 70 | D74: 46196 | E74: 0.91666667 | F74: Gillette Stadium (Boston) | G74: Gruppspel | H74: L | I74: England | J74: Ghana | K74: 0 | L74: 0 | M74: =IF(OR(K74="",L74=""),"",IF(K74>L74,"1",IF(K74<L74,"2","X"))) -> X | N74: =IF(M74="","",IF(M74="1",I74,IF(M74="2",J74,"Oavgjort"))) -> Oavgjort | P74: Grupp K
C75: 71 | D75: 46200 | E75: 0.95833333 | F75: MetLife Stadium (New York/New Jersey) | G75: Gruppspel | H75: L | I75: Panama | J75: England | K75: 0 | L75: 2 | M75: =IF(OR(K75="",L75=""),"",IF(K75>L75,"1",IF(K75<L75,"2","X"))) -> 2 | N75: =IF(M75="","",IF(M75="1",I75,IF(M75="2",J75,"Oavgjort"))) -> England | P75: Lag | Q75: V | R75: O | S75: F | T75: GM | U75: IM | V75: +/- | W75: P
C76: 72 | D76: 46200 | E76: 0.95833333 | F76: Lincoln Financial Field (Philadelphia) | G76: Gruppspel | H76: L | I76: Kroatien | J76: Ghana | K76: 2 | L76: 1 | M76: =IF(OR(K76="",L76=""),"",IF(K76>L76,"1",IF(K76<L76,"2","X"))) -> 1 | N76: =IF(M76="","",IF(M76="1",I76,IF(M76="2",J76,"Oavgjort"))) -> Kroatien | P76: =B55 -> Portugal | Q76: =SUMPRODUCT(($H$5:$H$76="K")*($I$5:$I$76=P76)*($K$5:$K$76<>"")*($K$5:$K$76>$L$5:$L$76))+SUMPRODUCT(($H$5:$H$76="K")*($J$5:$J$76=P76)*($L$5:$L$76<>"")*($L$5:$L$76>$K$5:$K$76)) -> 1 | R76: =SUMPRODUCT(($H$5:$H$76="K")*(($I$5:$I$76=P76)+($J$5:$J$76=P76))*($K$5:$K$76<>"")*($K$5:$K$76=$L$5:$L$76)) -> 2 | S76: =SUMPRODUCT(($H$5:$H$76="K")*($I$5:$I$76=P76)*($K$5:$K$76<>"")*($K$5:$K$76<$L$5:$L$76))+SUMPRODUCT(($H$5:$H$76="K")*($J$5:$J$76=P76)*($L$5:$L$76<>"")*($L$5:$L$76<$K$5:$K$76)) -> 0 | T76: =SUMIFS($K$5:$K$76,$H$5:$H$76,"K",$I$5:$I$76,P76)+SUMIFS($L$5:$L$76,$H$5:$H$76,"K",$J$5:$J$76,P76) -> 6 | U76: =SUMIFS($L$5:$L$76,$H$5:$H$76,"K",$I$5:$I$76,P76)+SUMIFS($K$5:$K$76,$H$5:$H$76,"K",$J$5:$J$76,P76) -> 1 | V76: =T76-U76 -> 5 | W76: =Q76*3+R76 -> 5
C77: 73 | D77: 46201 | E77: 0.875 | F77: SoFi Stadium (Los Angeles) | G77: Sextondelsfinal | I77: Sydafrika | J77: Kanada | K77: 0 | L77: 1 | M77: =IF(OR(K77="",L77=""),"",IF(K77>L77,"1",IF(K77<L77,"2","X"))) -> 2 | N77: =IF(M77="","",IF(M77="1",I77,IF(M77="2",J77,"Ange vinnare"))) -> Kanada | P77: =B56 -> Kongo-Kinshasa | Q77: =SUMPRODUCT(($H$5:$H$76="K")*($I$5:$I$76=P77)*($K$5:$K$76<>"")*($K$5:$K$76>$L$5:$L$76))+SUMPRODUCT(($H$5:$H$76="K")*($J$5:$J$76=P77)*($L$5:$L$76<>"")*($L$5:$L$76>$K$5:$K$76)) -> 1 | R77: =SUMPRODUCT(($H$5:$H$76="K")*(($I$5:$I$76=P77)+($J$5:$J$76=P77))*($K$5:$K$76<>"")*($K$5:$K$76=$L$5:$L$76)) -> 1 | S77: =SUMPRODUCT(($H$5:$H$76="K")*($I$5:$I$76=P77)*($K$5:$K$76<>"")*($K$5:$K$76<$L$5:$L$76))+SUMPRODUCT(($H$5:$H$76="K")*($J$5:$J$76=P77)*($L$5:$L$76<>"")*($L$5:$L$76<$K$5:$K$76)) -> 1 | T77: =SUMIFS($K$5:$K$76,$H$5:$H$76,"K",$I$5:$I$76,P77)+SUMIFS($L$5:$L$76,$H$5:$H$76,"K",$J$5:$J$76,P77) -> 4 | U77: =SUMIFS($L$5:$L$76,$H$5:$H$76,"K",$I$5:$I$76,P77)+SUMIFS($K$5:$K$76,$H$5:$H$76,"K",$J$5:$J$76,P77) -> 3 | V77: =T77-U77 -> 1 | W77: =Q77*3+R77 -> 4
C78: 74 | D78: 46202 | E78: 0.79166667 | F78: NRG Stadium (Houston) | G78: Sextondelsfinal | I78: Brasilien | J78: Japan | K78: 2 | L78: 1 | M78: =IF(OR(K78="",L78=""),"",IF(K78>L78,"1",IF(K78<L78,"2","X"))) -> 1 | N78: =IF(M78="","",IF(M78="1",I78,IF(M78="2",J78,"Ange vinnare"))) -> Brasilien | P78: =B57 -> Uzbekistan | Q78: =SUMPRODUCT(($H$5:$H$76="K")*($I$5:$I$76=P78)*($K$5:$K$76<>"")*($K$5:$K$76>$L$5:$L$76))+SUMPRODUCT(($H$5:$H$76="K")*($J$5:$J$76=P78)*($L$5:$L$76<>"")*($L$5:$L$76>$K$5:$K$76)) -> 0 | R78: =SUMPRODUCT(($H$5:$H$76="K")*(($I$5:$I$76=P78)+($J$5:$J$76=P78))*($K$5:$K$76<>"")*($K$5:$K$76=$L$5:$L$76)) -> 0 | S78: =SUMPRODUCT(($H$5:$H$76="K")*($I$5:$I$76=P78)*($K$5:$K$76<>"")*($K$5:$K$76<$L$5:$L$76))+SUMPRODUCT(($H$5:$H$76="K")*($J$5:$J$76=P78)*($L$5:$L$76<>"")*($L$5:$L$76<$K$5:$K$76)) -> 3 | T78: =SUMIFS($K$5:$K$76,$H$5:$H$76,"K",$I$5:$I$76,P78)+SUMIFS($L$5:$L$76,$H$5:$H$76,"K",$J$5:$J$76,P78) -> 2 | U78: =SUMIFS($L$5:$L$76,$H$5:$H$76,"K",$I$5:$I$76,P78)+SUMIFS($K$5:$K$76,$H$5:$H$76,"K",$J$5:$J$76,P78) -> 11 | V78: =T78-U78 -> -9 | W78: =Q78*3+R78 -> 0
C79: 75 | D79: 46202 | E79: 0.9375 | F79: Gillette Stadium (Boston) | G79: Sextondelsfinal | I79: Tyskland | J79: Paraguay | K79: 1 | L79: 1 | M79: =IF(OR(K79="",L79=""),"",IF(K79>L79,"1",IF(K79<L79,"2","X"))) -> X | N79: =IF(M79="","",IF(M79="1",I79,IF(M79="2",J79,"Ange vinnare"))) -> Ange vinnare | P79: =B58 -> Colombia | Q79: =SUMPRODUCT(($H$5:$H$76="K")*($I$5:$I$76=P79)*($K$5:$K$76<>"")*($K$5:$K$76>$L$5:$L$76))+SUMPRODUCT(($H$5:$H$76="K")*($J$5:$J$76=P79)*($L$5:$L$76<>"")*($L$5:$L$76>$K$5:$K$76)) -> 2 | R79: =SUMPRODUCT(($H$5:$H$76="K")*(($I$5:$I$76=P79)+($J$5:$J$76=P79))*($K$5:$K$76<>"")*($K$5:$K$76=$L$5:$L$76)) -> 1 | S79: =SUMPRODUCT(($H$5:$H$76="K")*($I$5:$I$76=P79)*($K$5:$K$76<>"")*($K$5:$K$76<$L$5:$L$76))+SUMPRODUCT(($H$5:$H$76="K")*($J$5:$J$76=P79)*($L$5:$L$76<>"")*($L$5:$L$76<$K$5:$K$76)) -> 0 | T79: =SUMIFS($K$5:$K$76,$H$5:$H$76,"K",$I$5:$I$76,P79)+SUMIFS($L$5:$L$76,$H$5:$H$76,"K",$J$5:$J$76,P79) -> 4 | U79: =SUMIFS($L$5:$L$76,$H$5:$H$76,"K",$I$5:$I$76,P79)+SUMIFS($K$5:$K$76,$H$5:$H$76,"K",$J$5:$J$76,P79) -> 1 | V79: =T79-U79 -> 3 | W79: =Q79*3+R79 -> 7
C80: 76 | D80: 46203 | E80: 0.125 | F80: Estadio BBVA (Monterrey) | G80: Sextondelsfinal | I80: Nederländerna | J80: Marocko | K80: 1 | L80: 1 | M80: =IF(OR(K80="",L80=""),"",IF(K80>L80,"1",IF(K80<L80,"2","X"))) -> X | N80: =IF(M80="","",IF(M80="1",I80,IF(M80="2",J80,"Ange vinnare"))) -> Ange vinnare
C81: 77 | D81: 46203 | E81: 0.75 | F81: AT&T Stadium (Dallas) | G81: Sextondelsfinal | I81: Elfenbenskusten | J81: Norge | K81: 1 | L81: 2 | M81: =IF(OR(K81="",L81=""),"",IF(K81>L81,"1",IF(K81<L81,"2","X"))) -> 2 | N81: =IF(M81="","",IF(M81="1",I81,IF(M81="2",J81,"Ange vinnare"))) -> Norge | P81: Grupp L
C82: 78 | D82: 46203 | E82: 0.875 | F82: MetLife Stadium (New York/New Jersey) | G82: Sextondelsfinal | I82: Frankrike | J82: Sverige | K82: 3 | L82: 0 | M82: =IF(OR(K82="",L82=""),"",IF(K82>L82,"1",IF(K82<L82,"2","X"))) -> 1 | N82: =IF(M82="","",IF(M82="1",I82,IF(M82="2",J82,"Ange vinnare"))) -> Frankrike | P82: Lag | Q82: V | R82: O | S82: F | T82: GM | U82: IM | V82: +/- | W82: P
C83: 79 | D83: 46204 | E83: 0 | F83: Mercedes-Benz Stadium (Atlanta) | G83: Sextondelsfinal | I83: Mexico | J83: Ecuador | K83: 2 | L83: 0 | M83: =IF(OR(K83="",L83=""),"",IF(K83>L83,"1",IF(K83<L83,"2","X"))) -> 1 | N83: =IF(M83="","",IF(M83="1",I83,IF(M83="2",J83,"Ange vinnare"))) -> Mexico | P83: =B60 -> England | Q83: =SUMPRODUCT(($H$5:$H$76="L")*($I$5:$I$76=P83)*($K$5:$K$76<>"")*($K$5:$K$76>$L$5:$L$76))+SUMPRODUCT(($H$5:$H$76="L")*($J$5:$J$76=P83)*($L$5:$L$76<>"")*($L$5:$L$76>$K$5:$K$76)) -> 2 | R83: =SUMPRODUCT(($H$5:$H$76="L")*(($I$5:$I$76=P83)+($J$5:$J$76=P83))*($K$5:$K$76<>"")*($K$5:$K$76=$L$5:$L$76)) -> 1 | S83: =SUMPRODUCT(($H$5:$H$76="L")*($I$5:$I$76=P83)*($K$5:$K$76<>"")*($K$5:$K$76<$L$5:$L$76))+SUMPRODUCT(($H$5:$H$76="L")*($J$5:$J$76=P83)*($L$5:$L$76<>"")*($L$5:$L$76<$K$5:$K$76)) -> 0 | T83: =SUMIFS($K$5:$K$76,$H$5:$H$76,"L",$I$5:$I$76,P83)+SUMIFS($L$5:$L$76,$H$5:$H$76,"L",$J$5:$J$76,P83) -> 6 | U83: =SUMIFS($L$5:$L$76,$H$5:$H$76,"L",$I$5:$I$76,P83)+SUMIFS($K$5:$K$76,$H$5:$H$76,"L",$J$5:$J$76,P83) -> 2 | V83: =T83-U83 -> 4 | W83: =Q83*3+R83 -> 7
C84: 80 | D84: 46204 | E84: 0.125 | F84: Levi’s Stadium (San Francisco Bay Area) | G84: Sextondelsfinal | I84: England | J84: Kongo-Kinshasa | K84: 2 | L84: 1 | M84: =IF(OR(K84="",L84=""),"",IF(K84>L84,"1",IF(K84<L84,"2","X"))) -> 1 | N84: =IF(M84="","",IF(M84="1",I84,IF(M84="2",J84,"Ange vinnare"))) -> England | P84: =B61 -> Kroatien | Q84: =SUMPRODUCT(($H$5:$H$76="L")*($I$5:$I$76=P84)*($K$5:$K$76<>"")*($K$5:$K$76>$L$5:$L$76))+SUMPRODUCT(($H$5:$H$76="L")*($J$5:$J$76=P84)*($L$5:$L$76<>"")*($L$5:$L$76>$K$5:$K$76)) -> 2 | R84: =SUMPRODUCT(($H$5:$H$76="L")*(($I$5:$I$76=P84)+($J$5:$J$76=P84))*($K$5:$K$76<>"")*($K$5:$K$76=$L$5:$L$76)) -> 0 | S84: =SUMPRODUCT(($H$5:$H$76="L")*($I$5:$I$76=P84)*($K$5:$K$76<>"")*($K$5:$K$76<$L$5:$L$76))+SUMPRODUCT(($H$5:$H$76="L")*($J$5:$J$76=P84)*($L$5:$L$76<>"")*($L$5:$L$76<$K$5:$K$76)) -> 1 | T84: =SUMIFS($K$5:$K$76,$H$5:$H$76,"L",$I$5:$I$76,P84)+SUMIFS($L$5:$L$76,$H$5:$H$76,"L",$J$5:$J$76,P84) -> 5 | U84: =SUMIFS($L$5:$L$76,$H$5:$H$76,"L",$I$5:$I$76,P84)+SUMIFS($K$5:$K$76,$H$5:$H$76,"L",$J$5:$J$76,P84) -> 5 | V84: =T84-U84 -> 0 | W84: =Q84*3+R84 -> 6
C85: 81 | D85: 46204 | E85: 0.75 | F85: Lumen Field (Seattle) | G85: Sextondelsfinal | I85: Belgien | J85: Senegal | K85: 2 | L85: 2 | M85: =IF(OR(K85="",L85=""),"",IF(K85>L85,"1",IF(K85<L85,"2","X"))) -> X | N85: =IF(M85="","",IF(M85="1",I85,IF(M85="2",J85,"Ange vinnare"))) -> Ange vinnare | P85: =B62 -> Ghana | Q85: =SUMPRODUCT(($H$5:$H$76="L")*($I$5:$I$76=P85)*($K$5:$K$76<>"")*($K$5:$K$76>$L$5:$L$76))+SUMPRODUCT(($H$5:$H$76="L")*($J$5:$J$76=P85)*($L$5:$L$76<>"")*($L$5:$L$76>$K$5:$K$76)) -> 1 | R85: =SUMPRODUCT(($H$5:$H$76="L")*(($I$5:$I$76=P85)+($J$5:$J$76=P85))*($K$5:$K$76<>"")*($K$5:$K$76=$L$5:$L$76)) -> 1 | S85: =SUMPRODUCT(($H$5:$H$76="L")*($I$5:$I$76=P85)*($K$5:$K$76<>"")*($K$5:$K$76<$L$5:$L$76))+SUMPRODUCT(($H$5:$H$76="L")*($J$5:$J$76=P85)*($L$5:$L$76<>"")*($L$5:$L$76<$K$5:$K$76)) -> 1 | T85: =SUMIFS($K$5:$K$76,$H$5:$H$76,"L",$I$5:$I$76,P85)+SUMIFS($L$5:$L$76,$H$5:$H$76,"L",$J$5:$J$76,P85) -> 2 | U85: =SUMIFS($L$5:$L$76,$H$5:$H$76,"L",$I$5:$I$76,P85)+SUMIFS($K$5:$K$76,$H$5:$H$76,"L",$J$5:$J$76,P85) -> 2 | V85: =T85-U85 -> 0 | W85: =Q85*3+R85 -> 4
C86: 82 | D86: 46204 | E86: 0.875 | F86: Hard Rock Stadium (Miami) | G86: Sextondelsfinal | I86: USA | J86: Bosnien och Hercegovina | K86: 2 | L86: 0 | M86: =IF(OR(K86="",L86=""),"",IF(K86>L86,"1",IF(K86<L86,"2","X"))) -> 1 | N86: =IF(M86="","",IF(M86="1",I86,IF(M86="2",J86,"Ange vinnare"))) -> USA | P86: =B63 -> Panama | Q86: =SUMPRODUCT(($H$5:$H$76="L")*($I$5:$I$76=P86)*($K$5:$K$76<>"")*($K$5:$K$76>$L$5:$L$76))+SUMPRODUCT(($H$5:$H$76="L")*($J$5:$J$76=P86)*($L$5:$L$76<>"")*($L$5:$L$76>$K$5:$K$76)) -> 0 | R86: =SUMPRODUCT(($H$5:$H$76="L")*(($I$5:$I$76=P86)+($J$5:$J$76=P86))*($K$5:$K$76<>"")*($K$5:$K$76=$L$5:$L$76)) -> 0 | S86: =SUMPRODUCT(($H$5:$H$76="L")*($I$5:$I$76=P86)*($K$5:$K$76<>"")*($K$5:$K$76<$L$5:$L$76))+SUMPRODUCT(($H$5:$H$76="L")*($J$5:$J$76=P86)*($L$5:$L$76<>"")*($L$5:$L$76<$K$5:$K$76)) -> 3 | T86: =SUMIFS($K$5:$K$76,$H$5:$H$76,"L",$I$5:$I$76,P86)+SUMIFS($L$5:$L$76,$H$5:$H$76,"L",$J$5:$J$76,P86) -> 0 | U86: =SUMIFS($L$5:$L$76,$H$5:$H$76,"L",$I$5:$I$76,P86)+SUMIFS($K$5:$K$76,$H$5:$H$76,"L",$J$5:$J$76,P86) -> 4 | V86: =T86-U86 -> -4 | W86: =Q86*3+R86 -> 0
C87: 83 | D87: 46205 | E87: 0 | F87: Lincoln Financial Field (Philadelphia) | G87: Sextondelsfinal | I87: Spanien | J87: Österrike | K87: 3 | L87: 0 | M87: =IF(OR(K87="",L87=""),"",IF(K87>L87,"1",IF(K87<L87,"2","X"))) -> 1 | N87: =IF(M87="","",IF(M87="1",I87,IF(M87="2",J87,"Ange vinnare"))) -> Spanien
C88: 84 | D88: 46205 | E88: 0.125 | F88: Arrowhead Stadium (Kansas City) | G88: Sextondelsfinal | I88: Portugal | J88: Kroatien | K88: 2 | L88: 1 | M88: =IF(OR(K88="",L88=""),"",IF(K88>L88,"1",IF(K88<L88,"2","X"))) -> 1 | N88: =IF(M88="","",IF(M88="1",I88,IF(M88="2",J88,"Ange vinnare"))) -> Portugal
C89: 85 | D89: 46205 | E89: 0.75 | F89: BMO Field (Toronto) | G89: Sextondelsfinal | I89: Schweiz | J89: Algeriet | K89: 2 | L89: 0 | M89: =IF(OR(K89="",L89=""),"",IF(K89>L89,"1",IF(K89<L89,"2","X"))) -> 1 | N89: =IF(M89="","",IF(M89="1",I89,IF(M89="2",J89,"Ange vinnare"))) -> Schweiz
C90: 86 | D90: 46205 | E90: 0.875 | F90: BC Place (Vancouver) | G90: Sextondelsfinal | I90: Australien | J90: Egypten | M90: =IF(OR(K90="",L90=""),"",IF(K90>L90,"1",IF(K90<L90,"2","X"))) | N90: =IF(M90="","",IF(M90="1",I90,IF(M90="2",J90,"Ange vinnare")))
C91: 87 | D91: 46206 | E91: 0 | F91: Estadio Akron (Guadalajara) | G91: Sextondelsfinal | I91: Argentina | J91: Kap Verde | M91: =IF(OR(K91="",L91=""),"",IF(K91>L91,"1",IF(K91<L91,"2","X"))) | N91: =IF(M91="","",IF(M91="1",I91,IF(M91="2",J91,"Ange vinnare")))
C92: 88 | D92: 46206 | E92: 0.875 | F92: Estadio Azteca (Mexico City) | G92: Sextondelsfinal | I92: Colombia | J92: Ghana | M92: =IF(OR(K92="",L92=""),"",IF(K92>L92,"1",IF(K92<L92,"2","X"))) | N92: =IF(M92="","",IF(M92="1",I92,IF(M92="2",J92,"Ange vinnare")))
C93: 89 | D93: 46207 | E93: 0.75 | F93: Gillette Stadium (Boston) | G93: Åttondelsfinal | I93: Kanada | J93: Marocko | M93: =IF(OR(K93="",L93=""),"",IF(K93>L93,"1",IF(K93<L93,"2","X"))) | N93: =IF(M93="","",IF(M93="1",I93,IF(M93="2",J93,"Ange vinnare")))
C94: 90 | D94: 46207 | E94: 0.91666667 | F94: Mercedes-Benz Stadium (Atlanta) | G94: Åttondelsfinal | I94: Paraguay | J94: Frankrike | M94: =IF(OR(K94="",L94=""),"",IF(K94>L94,"1",IF(K94<L94,"2","X"))) | N94: =IF(M94="","",IF(M94="1",I94,IF(M94="2",J94,"Ange vinnare")))
C95: 91 | D95: 46208 | E95: 0.91666667 | F95: SoFi Stadium (Los Angeles) | G95: Åttondelsfinal | I95: Brasilien | J95: Norge | M95: =IF(OR(K95="",L95=""),"",IF(K95>L95,"1",IF(K95<L95,"2","X"))) | N95: =IF(M95="","",IF(M95="1",I95,IF(M95="2",J95,"Ange vinnare")))
C96: 92 | D96: 46209 | E96: 0.083333333 | F96: NRG Stadium (Houston) | G96: Åttondelsfinal | I96: Mexico | J96: England | M96: =IF(OR(K96="",L96=""),"",IF(K96>L96,"1",IF(K96<L96,"2","X"))) | N96: =IF(M96="","",IF(M96="1",I96,IF(M96="2",J96,"Ange vinnare")))
C97: 93 | D97: 46209 | E97: 0.875 | F97: MetLife Stadium (New York/New Jersey) | G97: Åttondelsfinal | I97: Portugal | J97: Spanien | M97: =IF(OR(K97="",L97=""),"",IF(K97>L97,"1",IF(K97<L97,"2","X"))) | N97: =IF(M97="","",IF(M97="1",I97,IF(M97="2",J97,"Ange vinnare")))
C98: 94 | D98: 46210 | E98: 0.083333333 | F98: Estadio Azteca (Mexico City) | G98: Åttondelsfinal | I98: USA | J98: Belgien | M98: =IF(OR(K98="",L98=""),"",IF(K98>L98,"1",IF(K98<L98,"2","X"))) | N98: =IF(M98="","",IF(M98="1",I98,IF(M98="2",J98,"Ange vinnare")))
C99: 95 | D99: 46210 | E99: 0.75 | F99: AT&T Stadium (Dallas) | G99: Åttondelsfinal | I99: Schweiz | M99: =IF(OR(K99="",L99=""),"",IF(K99>L99,"1",IF(K99<L99,"2","X"))) | N99: =IF(M99="","",IF(M99="1",I99,IF(M99="2",J99,"Ange vinnare")))
C100: 96 | D100: 46210 | E100: 0.91666667 | F100: Hard Rock Stadium (Miami) | G100: Åttondelsfinal | M100: =IF(OR(K100="",L100=""),"",IF(K100>L100,"1",IF(K100<L100,"2","X"))) | N100: =IF(M100="","",IF(M100="1",I100,IF(M100="2",J100,"Ange vinnare")))
C101: 97 | D101: 46212 | E101: 0.91666667 | F101: Lincoln Financial Field (Philadelphia) | G101: Kvartsfinal | M101: =IF(OR(K101="",L101=""),"",IF(K101>L101,"1",IF(K101<L101,"2","X"))) | N101: =IF(M101="","",IF(M101="1",I101,IF(M101="2",J101,"Ange vinnare")))
...

Sheet Poäng & instruktioner
A1: 🏆 VM-tips 2026
A3: Poängräkning | D3: Instruktioner
A4: Rätt antal mål per lag i match | B4: 2 poäng per lag | D4: Fyll i lag i gula celler på ”Resultat & Tabell”.
A5: Rätt tecken (1/X/2) | B5: 2 poäng | D5: Fyll i faktiska resultat i gula målceller när matcherna spelas.
A6: Rätt lag till åttondelsfinal | B6: 2 poäng per lag | D6: Kopiera ”Tippare Mall” en gång per deltagare och döp fliken till deltagarens namn.
A7: Rätt lag till kvartsfinal | B7: 4 poäng per lag | D7: Deltagarna fyller i sina tips i gula celler innan turneringen startar.
A8: Rätt lag till semifinal | B8: 6 poäng per lag
A9: Rätt lag till final | B9: 8 poäng per lag | D9: VM 2026-formatet är 48 lag, 12 grupper och 104 matcher. Den här filen är nollställd med platshållare.
A10: Världsmästare | B10: 20 poäng
A11: Skyttekung | B11: 20 poäng
A14: Källa grupper: | B14: FIFA/Reuters/Fox Sports, kontrollerat 2026-05-25
A15: Obs: Det är resultat efter ordinarie tid som gäller

Sheet Favoriter & Odds
A1: Land | B1: Odds | C1: Vinstchans | P1: Spelare | Q1: Odds | R1: Vinstchans
A2: 🥇 🇪🇸 Spanien | B2: 5.5 | C2: =1/B2 -> 0.18181818 | P2: 🥇 🇫🇷 Kylian Mbappé | Q2: 7 | R2: =1/Q2 -> 0.14285714
A3: 🥈 🇫🇷 Frankrike | B3: 6.5 | C3: =1/B3 -> 0.15384615 | P3: 🥈 🏴 Harry Kane | Q3: 8 | R3: =1/Q3 -> 0.125
A4: 🥉 🏴 England | B4: 7.5 | C4: =1/B4 -> 0.13333333 | P4: 🥉 🇦🇷 Lionel Messi | Q4: 13 | R4: =1/Q4 -> 0.076923077
A5: 🇧🇷 Brasilien | B5: 9 | C5: =1/B5 -> 0.11111111 | P5: 🇳🇴 Erling Haaland | Q5: 15 | R5: =1/Q5 -> 0.066666667
A6: 🇦🇷 Argentina | B6: 9 | C6: =1/B6 -> 0.11111111 | P6: 🇪🇸 Lamine Yamal | Q6: 15 | R6: =1/Q6 -> 0.066666667
A7: 🇵🇹 Portugal | B7: 12 | C7: =1/B7 -> 0.083333333 | P7: 🇧🇷 Vinícius Júnior | Q7: 19 | R7: =1/Q7 -> 0.052631579
A8: 🇩🇪 Tyskland | B8: 16 | C8: =1/B8 -> 0.0625 | P8: 🇦🇷 Lautaro Martínez | Q8: 21 | R8: =1/Q8 -> 0.047619048
A9: 🇳🇱 Nederländerna | B9: 25 | C9: =1/B9 -> 0.04 | P9: 🇫🇷 Ousmane Dembélé | Q9: 21 | R9: =1/Q9 -> 0.047619048
A10: 🇧🇪 Belgien | B10: 26 | C10: =1/B10 -> 0.038461538 | P10: 🇧🇪 Romelu Lukaku | Q10: 21 | R10: =1/Q10 -> 0.047619048
A11: 🇳🇴 Norge | B11: 29 | C11: =1/B11 -> 0.034482759 | P11: 🏴 Bukayo Saka | Q11: 34 | R11: =1/Q11 -> 0.029411765
A12: 🇭🇷 Kroatien | B12: 41 | C12: =1/B12 -> 0.024390244 | P12: 🇦🇷 Julián Álvarez | Q12: 41 | R12: =1/Q12 -> 0.024390244
A13: 🇲🇦 Marocko | B13: 51 | C13: =1/B13 -> 0.019607843 | P13: 🇫🇷 Michael Olise | Q13: 41 | R13: =1/Q13 -> 0.024390244
... A16: 🇲🇽 Mexiko | B16: 81 | C16: =1/B16 -> 0.012345679 | P16: 🇧🇷 João Pedro | Q16: 67 | R16: =1/Q16 -> 0.014925373
A17: 🇯🇵 Japan | B17: 81 | C17: =1/B17 -> 0.012345679
A18: 🇨🇴 Colombia | B18: 81 | C18: =1/B18 -> 0.012345679
A19: 🇩🇰 Danmark | B19: 101 | C19: =1/B19 -> 0.0099009901
A20: 🇸🇳 Senegal | B20: 101 | C20: =1/B20 -> 0.0099009901
A21: 🇸🇪 Sverige | B21: 151 | C21: =1/B21 -> 0.0066225166

Sheet tippare mall
A1: 🎯 Tippare Mall – kopiera fliken och döp om till deltagarens namn
W2: Slutspel-hjälp
A3: Matchnr | B3: Fas | C3: Grupp | D3: Hemmalag | E3: Bortalag | F3: Tips H | G3: Tips B | H3: Tecken | I3: Poäng mål | J3: Poäng tecken | K3: Poäng totalt | L3: Tippad grupptabell | N3: 2 | O3: 3 | P3: 4 | Q3: 5 | R3: 6 | S3: 7 | T3: 8 | W3: Grupp | X3: 1:a | Y3: 2:a | Z3: 3:a | AA3: 3:a rankvärde | AB3: 3:a rank | AC3: Kommentar
A4: 1 | B4: Gruppspel | C4: A | D4: Mexico | E4: South Africa | H4: =IF(OR(F4="",G4=""),"",IF(F4>G4,"1",IF(F4<G4,"2","X"))) | I4: =IF(OR(F4="",G4="",'📊 Resultat & Tabell'!K5="",'📊 Resultat & Tabell'!L5=""),"",IF(F4='📊 Resultat & Tabell'!K5,2,0)+IF(G4='📊 Resultat & Tabell'!L5,2,0)) | J4: =IF(OR(H4="",'📊 Resultat & Tabell'!M5=""),"",IF(H4='📊 Resultat & Tabell'!M5,2,0)) | K4: =IF(AND(I4="",J4=""),"",N(I4)+N(J4)) | L4: Grupp A | W4: A | X4: {=IF(COUNTIFS($C$4:$C$75,"A",$F$4:$F$75,"<>",$G$4:$G$75,"<>")=0,"",IFERROR(INDEX($L$6:$L$9,MATCH(LARGE($T$6:$T$9+ROW($T$6:$T$9)/100000,1),$T$6:$T$9+ROW($T$6:$T$9)/100000,0)),""))} | Y4: {=IF(COUNTIFS($C$4:$C$75,"A",$F$4:$F$75,"<>",$G$4:$G$75,"<>")=0,"",IFERROR(INDEX($L$6:$L$9,MATCH(LARGE($T$6:$T$9+ROW($T$6:$T$9)/100000,2),$T$6:$T$9+ROW($T$6:$T$9)/100000,0)),""))} | Z4: {=IF(COUNTIFS($C$4:$C$75,"A",$F$4:$F$75,"<>",$G$4:$G$75,"<>")=0,"",IFERROR(INDEX($L$6:$L$9,MATCH(LARGE($T$6:$T$9+ROW($T$6:$T$9)/100000,3),$T$6:$T$9+ROW($T$6:$T$9)/100000,0)),""))} | AA4: =IF(COUNTIFS($C$4:$C$75,"A",$F$4:$F$75,"<>",$G$4:$G$75,"<>")=0,"",IFERROR(LARGE($T$6:$T$9,3),"")) | AB4: =IF(AA4="","",_xlfn.RANK.EQ(AA4,$AA$4:$AA$15,0))
A5: 2 | B5: Gruppspel | C5: A | D5: Sydkorea | E5: Tjeckien | H5: =IF(OR(F5="",G5=""),"",IF(F5>G5,"1",IF(F5<G5,"2","X"))) | I5: =IF(OR(F5="",G5="",'📊 Resultat & Tabell'!K6="",'📊 Resultat & Tabell'!L6=""),"",IF(F5='📊 Resultat & Tabell'!K6,2,0)+IF(G5='📊 Resultat & Tabell'!L6,2,0)) | J5: =IF(OR(H5="",'📊 Resultat & Tabell'!M6=""),"",IF(H5='📊 Resultat & Tabell'!M6,2,0)) | K5: =IF(AND(I5="",J5=""),"",N(I5)+N(J5)) | L5: Lag | M5: V | N5: O | O5: F | P5: GM | Q5: IM | R5: +/- | S5: P | T5: Rankvärde | W5: B | X5: {=IF(COUNTIFS($C$4:$C$75,"B",$F$4:$F$75,"<>",$G$4:$G$75,"<>")=0,"",IFERROR(INDEX($L$13:$L$16,MATCH(LARGE($T$13:$T$16+ROW($T$13:$T$16)/100000,1),$T$13:$T$16+ROW($T$13:$T$16)/100000,0)),""))} | Y5: {=IF(COUNTIFS($C$4:$C$75,"B",$F$4:$F$75,"<>",$G$4:$G$75,"<>")=0,"",IFERROR(INDEX($L$13:$L$16,MATCH(LARGE($T$13:$T$16+ROW($T$13:$T$16)/100000,2),$T$13:$T$16+ROW($T$13:$T$16)/100000,0)),""))} | Z5: {=IF(COUNTIFS($C$4:$C$75,"B",$F$4:$F$75,"<>",$G$4:$G$75,"<>")=0,"",IFERROR(INDEX($L$13:$L$16,MATCH(LARGE($T$13:$T$16+ROW($T$13:$T$16)/100000,3),$T$13:$T$16+ROW($T$13:$T$16)/100000,0)),""))} | AA5: {=IF(COUNTIFS($C$4:$C$75,"B",$F$4:$F$75,"<>",$G$4:$G$75,"<>")=0,"",LARGE($T$13:$T$16+ROW($T$13:$T$16)/100000,3))} | AB5: =IF(AA5="","",_xlfn.RANK.EQ(AA5,$AA$4:$AA$15,0))
A6: 3 | B6: Gruppspel | C6: A | D6: Tjeckien | E6: South Africa | H6: =IF(OR(F6="",G6=""),"",IF(F6>G6,"1",IF(F6<G6,"2","X"))) | I6: =IF(OR(F6="",G6="",'📊 Resultat & Tabell'!K7="",'📊 Resultat & Tabell'!L7=""),"",IF(F6='📊 Resultat & Tabell'!K7,2,0)+IF(G6='📊 Resultat & Tabell'!L7,2,0)) | J6: =IF(OR(H6="",'📊 Resultat & Tabell'!M7=""),"",IF(H6='📊 Resultat & Tabell'!M7,2,0)) | K6: =IF(AND(I6="",J6=""),"",N(I6)+N(J6)) | L6: Mexico | M6: {=SUMPRODUCT(--($C$4:$C$75="A"),--($D$4:$D$75=L6),--($F$4:$F$75>$G$4:$G$75),--($F$4:$F$75<>""),--($G$4:$G$75<>""))+SUMPRODUCT(--($C$4:$C$75="A"),--($E$4:$E$75=L6),--($G$4:$G$75>$F$4:$F$75),--($F$4:$F$75<>""),--($G$4:$G$75<>""))} -> 0 | N6: {=SUMPRODUCT(--($C$4:$C$75="A"),--(($D$4:$D$75=L6)+($E$4:$E$75=L6)>0),--($F$4:$F$75=$G$4:$G$75),--($F$4:$F$75<>""),--($G$4:$G$75<>""))} -> 0 | O6: {=SUMPRODUCT(--($C$4:$C$75="A"),--($D$4:$D$75=L6),--($F$4:$F$75<$G$4:$G$75),--($F$4:$F$75<>""),--($G$4:$G$75<>""))+SUMPRODUCT(--($C$4:$C$75="A"),--($E$4:$E$75=L6),--($G$4:$G$75<$F$4:$F$75),--($F$4:$F$75<>""),--($G$4:$G$75<>""))} -> 0 | P6: {=SUMPRODUCT(--($C$4:$C$75="A"),--($D$4:$D$75=L6),$F$4:$F$75,--($F$4:$F$75<>""),--($G$4:$G$75<>""))+SUMPRODUCT(--($C$4:$C$75="A"),--($E$4:$E$75=L6),$G$4:$G$75,--($F$4:$F$75<>""),--($G$4:$G$75<>""))} -> 0 | Q6: {=SUMPRODUCT(--($C$4:$C$75="A"),--($D$4:$D$75=L6),$G$4:$G$75,--($F$4:$F$75<>""),--($G$4:$G$75<>""))+SUMPRODUCT(--($C$4:$C$75="A"),--($E$4:$E$75=L6),$F$4:$F$75,--($F$4:$F$75<>""),--($G$4:$G$75<>""))} -> 0 | R6: =P6-Q6 -> 0 | S6: =M6*3+N6 -> 0 | T6: =S6*100000+R6*1000+P6 -> 0 | W6: C | X6: {=IF(COUNTIFS($C$4:$C$75,"C",$F$4:$F$75,"<>",$G$4:$G$75,"<>")=0,"",IFERROR(INDEX($L$20:$L$23,MATCH(LARGE($T$20:$T$23+ROW($T$20:$T$23)/100000,1),$T$20:$T$23+ROW($T$20:$T$23)/100000,0)),""))} | Y6: {=IF(COUNTIFS($C$4:$C$75,"C",$F$4:$F$75,"<>",$G$4:$G$75,"<>")=0,"",IFERROR(INDEX($L$20:$L$23,MATCH(LARGE($T$20:$T$23+ROW($T$20:$T$23)/100000,2),$T$20:$T$23+ROW($T$20:$T$23)/100000,0)),""))} | Z6: {=IF(COUNTIFS($C$4:$C$75,"C",$F$4:$F$75,"<>",$G$4:$G$75,"<>")=0,"",IFERROR(INDEX($L$20:$L$23,MATCH(LARGE($T$20:$T$23+ROW($T$20:$T$23)/100000,3),$T$20:$T$23+ROW($T$20:$T$23)/100000,0)),""))} | AA6: {=IF(COUNTIFS($C$4:$C$75,"C",$F$4:$F$75,"<>",$G$4:$G$75,"<>")=0,"",LARGE($T$20:$T$23+ROW($T$20:$T$23)/100000,3))} | AB6: =IF(AA6="","",_xlfn.RANK.EQ(AA6,$AA$4:$AA$15,0))
A7: 4 | B7: Gruppspel | C7: A | D7: Mexico | E7: Sydkorea | H7: =IF(OR(F7="",G7=""),"",IF(F7>G7,"1",IF(F7<G7,"2","X"))) | I7: =IF(OR(F7="",G7="",'📊 Resultat & Tabell'!K8="",'📊 Resultat & Tabell'!L8=""),"",IF(F7='📊 Resultat & Tabell'!K8,2,0)+IF(G7='📊 Resultat & Tabell'!L8,2,0)) | J7: =IF(OR(H7="",'📊 Resultat & Tabell'!M8=""),"",IF(H7='📊 Resultat & Tabell'!M8,2,0)) | K7: =IF(AND(I7="",J7=""),"",N(I7)+N(J7)) | L7: South Africa | M7: {=SUMPRODUCT(--($C$4:$C$75="A"),--($D$4:$D$75=L7),--($F$4:$F$75>$G$4:$G$75),--($F$4:$F$75<>""),--($G$4:$G$75<>""))+SUMPRODUCT(--($C$4:$C$75="A"),--($E$4:$E$75=L7),--($G$4:$G$75>$F$4:$F$75),--($F$4:$F$75<>""),--($G$4:$G$75<>""))} -> 0 | N7: {=SUMPRODUCT(--($C$4:$C$75="A"),--(($D$4:$D$75=L7)+($E$4:$E$75=L7)>0),--($F$4:$F$75=$G$4:$G$75),--($F$4:$F$75<>""),--($G$4:$G$75<>""))} -> 0 | O7: {=SUMPRODUCT(--($C$4:$C$75="A"),--($D$4:$D$75=L7),--($F$4:$F$75<$G$4:$G$75),--($F$4:$F$75<>""),--($G$4:$G$75<>""))+SUMPRODUCT(--($C$4:$C$75="A"),--($E$4:$E$75=L7),--($G$4:$G$75<$F$4:$F$75),--($F$4:$F$75<>""),--($G$4:$G$75<>""))} -> 0 | P7: {=SUMPRODUCT(--($C$4:$C$75="A"),--($D$4:$D$75=L7),$F$4:$F$75,--($F$4:$F$75<>""),--($G$4:$G$75<>""))+SUMPRODUCT(--($C$4:$C$75="A"),--($E$4:$E$75=L7),$G$4:$G$75,--($F$4:$F$75<>""),--($G$4:$G$75<>""))} -> 0 | Q7: {=SUMPRODUCT(--($C$4:$C$75="A"),--($D$4:$D$75=L7),$G$4:$G$75,--($F$4:$F$75<>""),--($G$4:$G$75<>""))+SUMPRODUCT(--($C$4:$C$75="A"),--($E$4:$E$75=L7),$F$4:$F$75,--($F$4:$F$75<>""),--($G$4:$G$75<>""))} -> 0 | R7: =P7-Q7 -> 0 | S7: =M7*3+N7 -> 0 | T7: =S7*100000+R7*1000+P7 -> 0 | W7: D | X7: {=IF(COUNTIFS($C$4:$C$75,"D",$F$4:$F$75,"<>",$G$4:$G$75,"<>")=0,"",IFERROR(INDEX($L$27:$L$30,MATCH(LARGE($T$27:$T$30+ROW($T$27:$T$30)/100000,1),$T$27:$T$30+ROW($T$27:$T$30)/100000,0)),""))} | Y7: {=IF(COUNTIFS($C$4:$C$75,"D",$F$4:$F$75,"<>",$G$4:$G$75,"<>")=0,"",IFERROR(INDEX($L$27:$L$30,MATCH(LARGE($T$27:$T$30+ROW($T$27:$T$30)/100000,2),$T$27:$T$30+ROW($T$27:$T$30)/100000,0)),""))} | Z7: {=IF(COUNTIFS($C$4:$C$75,"D",$F$4:$F$75,"<>",$G$4:$G$75,"<>")=0,"",IFERROR(INDEX($L$27:$L$30,MATCH(LARGE($T$27:$T$30+ROW($T$27:$T$30)/100000,3),$T$27:$T$30+ROW($T$27:$T$30)/100000,0)),""))} | AA7: {=IF(COUNTIFS($C$4:$C$75,"D",$F$4:$F$75,"<>",$G$4:$G$75,"<>")=0,"",LARGE($T$27:$T$30+ROW($T$27:$T$30)/100000,3))} | AB7: =IF(AA7="","",_xlfn.RANK.EQ(AA7,$AA$4:$AA$15,0))
A8: 5 | B8: Gruppspel | C8: A | D8: Tjeckien | E8: Mexico | H8: =IF(OR(F8="",G8=""),"",IF(F8>G8,"1",IF(F8<G8,"2","X"))) | I8: =IF(OR(F8="",G8="",'📊 Resultat & Tabell'!K9="",'📊 Resultat & Tabell'!L9=""),"",IF(F8='📊 Resultat & Tabell'!K9,2,0)+IF(G8='📊 Resultat & Tabell'!L9,2,0)) | J8: =IF(OR(H8="",'📊 Resultat & Tabell'!M9=""),"",IF(H8='📊 Resultat & Tabell'!M9,2,0)) | K8: =IF(AND(I8="",J8=""),"",N(I8)+N(J8)) | L8: Sydkorea | M8: {=SUMPRODUCT(--($C$4:$C$75="A"),--($D$4:$D$75=L8),--($F$4:$F$75>$G$4:$G$75),--($F$4:$F$75<>""),--($G$4:$G$75<>""))+SUMPRODUCT(--($C$4:$C$75="A"),--($E$4:$E$75=L8),--($G$4:$G$75>$F$4:$F$75),--($F$4:$F$75<>""),--($G$4:$G$75<>""))} -> 0 | N8: {=SUMPRODUCT(--($C$4:$C$75="A"),--(($D$4:$D$75=L8)+($E$4:$E$75=L8)>0),--($F$4:$F$75=$G$4:$G$75),--($F$4:$F$75<>""),--($G$4:$G$75<>""))} -> 0 | O8: {=SUMPRODUCT(--($C$4:$C$75="A"),--($D$4:$D$75=L8),--($F$4:$F$75<$G$4:$G$75),--($F$4:$F$75<>""),--($G$4:$G$75<>""))+SUMPRODUCT(--($C$4:$C$75="A"),--($E$4:$E$75=L8),--($G$4:$G$75<$F$4:$F$75),--($F$4:$F$75<>""),--($G$4:$G$75<>""))} -> 0 | P8: {=SUMPRODUCT(--($C$4:$C$75="A"),--($D$4:$D$75=L8),$F$4:$F$75,--($F$4:$F$75<>""),--($G$4:$G$75<>""))+SUMPRODUCT(--($C$4:$C$75="A"),--($E$4:$E$75=L8),$G$4:$G$75,--($F$4:$F$75<>""),--($G$4:$G$75<>""))} -> 0 | Q8: {=SUMPRODUCT(--($C$4:$C$75="A"),--($D$4:$D$75=L8),$G$4:$G$75,--($F$4:$F$75<>""),--($G$4:$G$75<>""))+SUMPRODUCT(--($C$4:$C$75="A"),--($E$4:$E$75=L8),$F$4:$F$75,--($F$4:$F$75<>""),--($G$4:$G$75<>""))} -> 0 | R8: =P8-Q8 -> 0 | S8: =M8*3+N8 -> 0 | T8: =S8*100000+R8*1000+P8 -> 0 | W8: E | X8: {=IF(COUNTIFS($C$4:$C$75,"E",$F$4:$F$75,"<>",$G$4:$G$75,"<>")=0,"",IFERROR(INDEX($L$34:$L$37,MATCH(LARGE($T$34:$T$37+ROW($T$34:$T$37)/100000,1),$T$34:$T$37+ROW($T$34:$T$37)/100000,0)),""))} | Y8: {=IF(COUNTIFS($C$4:$C$75,"E",$F$4:$F$75,"<>",$G$4:$G$75,"<>")=0,"",IFERROR(INDEX($L$34:$L$37,MATCH(LARGE($T$34:$T$37+ROW($T$34:$T$37)/100000,2),$T$34:$T$37+ROW($T$34:$T$37)/100000,0)),""))} | Z8: {=IF(COUNTIFS($C$4:$C$75,"E",$F$4:$F$75,"<>",$G$4:$G$75,"<>")=0,"",IFERROR(INDEX($L$34:$L$37,MATCH(LARGE($T$34:$T$37+ROW($T$34:$T$37)/100000,3),$T$34:$T$37+ROW($T$34:$T$37)/100000,0)),""))} | AA8: {=IF(COUNTIFS($C$4:$C$75,"E",$F$4:$F$75,"<>",$G$4:$G$75,"<>")=0,"",LARGE($T$34:$T$37+ROW($T$34:$T$37)/100000,3))} | AB8: =IF(AA8="","",_xlfn.RANK.EQ(AA8,$AA$4:$AA$15,0))
A9: 6 | B9: Gruppspel | C9: A | D9: South Africa | E9: Sydkorea | H9: =IF(OR(F9="",G9=""),"",IF(F9>G9,"1",IF(F9<G9,"2","X"))) | I9: =IF(OR(F9="",G9="",'📊 Resultat & Tabell'!K10="",'📊 Resultat & Tabell'!L10=""),"",IF(F9='📊 Resultat & Tabell'!K10,2,0)+IF(G9='📊 Resultat & Tabell'!L10,2,0)) | J9: =IF(OR(H9="",'📊 Resultat & Tabell'!M10=""),"",IF(H9='📊 Resultat & Tabell'!M10,2,0)) | K9: =IF(AND(I9="",J9=""),"",N(I9)+N(J9)) | L9: Tjeckien | M9: {=SUMPRODUCT(--($C$4:$C$75="A"),--($D$4:$D$75=L9),--($F$4:$F$75>$G$4:$G$75),--($F$4:$F$75<>""),--($G$4:$G$75<>""))+SUMPRODUCT(--($C$4:$C$75="A"),--($E$4:$E$75=L9),--($G$4:$G$75>$F$4:$F$75),--($F$4:$F$75<>""),--($G$4:$G$75<>""))} -> 0 | N9: {=SUMPRODUCT(--($C$4:$C$75="A"),--(($D$4:$D$75=L9)+($E$4:$E$75=L9)>0),--($F$4:$F$75=$G$4:$G$75),--($F$4:$F$75<>""),--($G$4:$G$75<>""))} -> 0 | O9: {=SUMPRODUCT(--($C$4:$C$75="A"),--($D$4:$D$75=L9),--($F$4:$F$75<$G$4:$G$75),--($F$4:$F$75<>""),--($G$4:$G$75<>""))+SUMPRODUCT(--($C$4:$C$75="A"),--($E$4:$E$75=L9),--($G$4:$G$75<$F$4:$F$75),--($F$4:$F$75<>""),--($G$4:$G$75<>""))} -> 0 | P9: {=SUMPRODUCT(--($C$4:$C$75="A"),--($D$4:$D$75=L9),$F$4:$F$75,--($F$4:$F$75<>""),--($G$4:$G$75<>""))+SUMPRODUCT(--($C$4:$C$75="A"),--($E$4:$E$75=L9),$G$4:$G$75,--($F$4:$F$75<>""),--($G$4:$G$75<>""))} -> 0 | Q9: {=SUMPRODUCT(--($C$4:$C$75="A"),--($D$4:$D$75=L9),$G$4:$G$75,--($F$4:$F$75<>""),--($G$4:$G$75<>""))+SUMPRODUCT(--($C$4:$C$75="A"),--($E$4:$E$75=L9),$F$4:$F$75,--($F$4:$F$75<>""),--($G$4:$G$75<>""))} -> 0 | R9: =P9-Q9 -> 0 | S9: =M9*3+N9 -> 0 | T9: =S9*100000+R9*1000+P9 -> 0 | W9: F | X9: {=IF(COUNTIFS($C$4:$C$75,"F",$F$4:$F$75,"<>",$G$4:$G$75,"<>")=0,"",IFERROR(INDEX($L$41:$L$44,MATCH(LARGE($T$41:$T$44+ROW($T$41:$T$44)/100000,1),$T$41:$T$44+ROW($T$41:$T$44)/100000,0)),""))} | Y9: {=IF(COUNTIFS($C$4:$C$75,"F",$F$4:$F$75,"<>",$G$4:$G$75,"<>")=0,"",IFERROR(INDEX($L$41:$L$44,MATCH(LARGE($T$41:$T$44+ROW($T$41:$T$44)/100000,2),$T$41:$T$44+ROW($T$41:$T$44)/100000,0)),""))} | Z9: {=IF(COUNTIFS($C$4:$C$75,"F",$F$4:$F$75,"<>",$G$4:$G$75,"<>")=0,"",IFERROR(INDEX($L$41:$L$44,MATCH(LARGE($T$41:$T$44+ROW($T$41:$T$44)/100000,3),$T$41:$T$44+ROW($T$41:$T$44)/100000,0)),""))} | AA9: {=IF(COUNTIFS($C$4:$C$75,"F",$F$4:$F$75,"<>",$G$4:$G$75,"<>")=0,"",LARGE($T$41:$T$44+ROW($T$41:$T$44)/100000,3))} | AB9: =IF(AA9="","",_xlfn.RANK.EQ(AA9,$AA$4:$AA$15,0))
A10: 7 | B10: Gruppspel | C10: B | D10: Kanada | E10: Bosnien och Hercegovina | H10: =IF(OR(F10="",G10=""),"",IF(F10>G10,"1",IF(F10<G10,"2","X"))) | I10: =IF(OR(F10="",G10="",'📊 Resultat & Tabell'!K11="",'📊 Resultat & Tabell'!L11=""),"",IF(F10='📊 Resultat & Tabell'!K11,2,0)+IF(G10='📊 Resultat & Tabell'!L11,2,0)) | J10: =IF(OR(H10="",'📊 Resultat & Tabell'!M11=""),"",IF(H10='📊 Resultat & Tabell'!M11,2,0)) | K10: =IF(AND(I10="",J10=""),"",N(I10)+N(J10)) | W10: G | X10: {=IF(COUNTIFS($C$4:$C$75,"G",$F$4:$F$75,"<>",$G$4:$G$75,"<>")=0,"",IFERROR(INDEX($L$48:$L$51,MATCH(LARGE($T$48:$T$51+ROW($T$48:$T$51)/100000,1),$T$48:$T$51+ROW($T$48:$T$51)/100000,0)),""))} | Y10: {=IF(COUNTIFS($C$4:$C$75,"G",$F$4:$F$75,"<>",$G$4:$G$75,"<>")=0,"",IFERROR(INDEX($L$48:$L$51,MATCH(LARGE($T$48:$T$51+ROW($T$48:$T$51)/100000,2),$T$48:$T$51+ROW($T$48:$T$51)/100000,0)),""))} | Z10: {=IF(COUNTIFS($C$4:$C$75,"G",$F$4:$F$75,"<>",$G$4:$G$75,"<>")=0,"",IFERROR(INDEX($L$48:$L$51,MATCH(LARGE($T$48:$T$51+ROW($T$48:$T$51)/100000,3),$T$48:$T$51+ROW($T$48:$T$51)/100000,0)),""))} | AA10: {=IF(COUNTIFS($C$4:$C$75,"G",$F$4:$F$75,"<>",$G$4:$G$75,"<>")=0,"",LARGE($T$48:$T$51+ROW($T$48:$T$51)/100000,3))} | AB10: =IF(AA10="","",_xlfn.RANK.EQ(AA10,$AA$4:$AA$15,0))
A11: 8 | B11: Gruppspel | C11: B | D11: Qatar | E11: Schweiz | H11: =IF(OR(F11="",G11=""),"",IF(F11>G11,"1",IF(F11<G11,"2","X"))) | I11: =IF(OR(F11="",G11="",'📊 Resultat & Tabell'!K12="",'📊 Resultat & Tabell'!L12=""),"",IF(F11='📊 Resultat & Tabell'!K12,2,0)+IF(G11='📊 Resultat & Tabell'!L12,2,0)) | J11: =IF(OR(H11="",'📊 Resultat & Tabell'!M12=""),"",IF(H11='📊 Resultat & Tabell'!M12,2,0)) | K11: =IF(AND(I11="",J11=""),"",N(I11)+N(J11)) | L11: Grupp B | W11: H | X11: {=IF(COUNTIFS($C$4:$C$75,"H",$F$4:$F$75,"<>",$G$4:$G$75,"<>")=0,"",IFERROR(INDEX($L$55:$L$58,MATCH(LARGE($T$55:$T$58+ROW($T$55:$T$58)/100000,1),$T$55:$T$58+ROW($T$55:$T$58)/100000,0)),""))} | Y11: {=IF(COUNTIFS($C$4:$C$75,"H",$F$4:$F$75,"<>",$G$4:$G$75,"<>")=0,"",IFERROR(INDEX($L$55:$L$58,MATCH(LARGE($T$55:$T$58+ROW($T$55:$T$58)/100000,2),$T$55:$T$58+ROW($T$55:$T$58)/100000,0)),""))} | Z11: {=IF(COUNTIFS($C$4:$C$75,"H",$F$4:$F$75,"<>",$G$4:$G$75,"<>")=0,"",IFERROR(INDEX($L$55:$L$58,MATCH(LARGE($T$55:$T$58+ROW($T$55:$T$58)/100000,3),$T$55:$T$58+ROW($T$55:$T$58)/100000,0)),""))} | AA11: {=IF(COUNTIFS($C$4:$C$75,"H",$F$4:$F$75,"<>",$G$4:$G$75,"<>")=0,"",LARGE($T$55:$T$58+ROW($T$55:$T$58)/100000,3))} | AB11: =IF(AA11="","",_xlfn.RANK.EQ(AA11,$AA$4:$AA$15,0))
A12: 9 | B12: Gruppspel | C12: B | D12: Schweiz | E12: Bosnien och Hercegovina | H12: =IF(OR(F12="",G12=""),"",IF(F12>G12,"1",IF(F12<G12,"2","X"))) | I12: =IF(OR(F12="",G12="",'📊 Resultat & Tabell'!K13="",'📊 Resultat & Tabell'!L13=""),"",IF(F12='📊 Resultat & Tabell'!K13,2,0)+IF(G12='📊 Resultat & Tabell'!L13,2,0)) | J12: =IF(OR(H12="",'📊 Resultat & Tabell'!M13=""),"",IF(H12='📊 Resultat & Tabell'!M13,2,0)) | K12: =IF(AND(I12="",J12=""),"",N(I12)+N(J12)) | L12: Lag | M12: V | N12: O | O12: F | P12: GM | Q12: IM | R12: +/- | S12: P | T12: Rankvärde | W12: I | X12: {=IF(COUNTIFS($C$4:$C$75,"I",$F$4:$F$75,"<>",$G$4:$G$75,"<>")=0,"",IFERROR(INDEX($L$62:$L$65,MATCH(LARGE($T$62:$T$65+ROW($T$62:$T$65)/100000,1),$T$62:$T$65+ROW($T$62:$T$65)/100000,0)),""))} | Y12: {=IF(COUNTIFS($C$4:$C$75,"I",$F$4:$F$75,"<>",$G$4:$G$75,"<>")=0,"",IFERROR(INDEX($L$62:$L$65,MATCH(LARGE($T$62:$T$65+ROW($T$62:$T$65)/100000,2),$T$62:$T$65+ROW($T$62:$T$65)/100000,0)),""))} | Z12: {=IF(COUNTIFS($C$4:$C$75,"I",$F$4:$F$75,"<>",$G$4:$G$75,"<>")=0,"",IFERROR(INDEX($L$62:$L$65,MATCH(LARGE($T$62:$T$65+ROW($T$62:$T$65)/100000,3),$T$62:$T$65+ROW($T$62:$T$65)/100000,0)),""))} | AA12: {=IF(COUNTIFS($C$4:$C$75,"I",$F$4:$F$75,"<>",$G$4:$G$75,"<>")=0,"",LARGE($T$62:$T$65+ROW($T$62:$T$65)/100000,3))} | AB12: =IF(AA12="","",_xlfn.RANK.EQ(AA12,$AA$4:$AA$15,0))
A13: 10 | B13: Gruppspel | C13: B | D13: Kanada | E13: Qatar | H13: =IF(OR(F13="",G13=""),"",IF(F13>G13,"1",IF(F13<G13,"2","X"))) | I13: =IF(OR(F13="",G13="",'📊 Resultat & Tabell'!K14="",'📊 Resultat & Tabell'!L14=""),"",IF(F13='📊 Resultat & Tabell'!K14,2,0)+IF(G13='📊 Resultat & Tabell'!L14,2,0)) | J13: =IF(OR(H13="",'📊 Resultat & Tabell'!M14=""),"",IF(H13='📊 Resultat & Tabell'!M14,2,0)) | K13: =IF(AND(I13="",J13=""),"",N(I13)+N(J13)) | L13: Kanada | M13: {=SUMPRODUCT(--($C$4:$C$75="B"),--($D$4:$D$75=L13),--($F$4:$F$75>$G$4:$G$75),--($F$4:$F$75<>""),--($G$4:$G$75<>""))+SUMPRODUCT(--($C$4:$C$75="B"),--($E$4:$E$75=L13),--($G$4:$G$75>$F$4:$F$75),--($F$4:$F$75<>""),--($G$4:$G$75<>""))} -> 0 | N13: {=SUMPRODUCT(--($C$4:$C$75="B"),--(($D$4:$D$75=L13)+($E$4:$E$75=L13)>0),--($F$4:$F$75=$G$4:$G$75),--($F$4:$F$75<>""),--($G$4:$G$75<>""))} -> 0 | O13: {=SUMPRODUCT(--($C$4:$C$75="B"),--($D$4:$D$75=L13),--($F$4:$F$75<$G$4:$G$75),--($F$4:$F$75<>""),--($G$4:$G$75<>""))+SUMPRODUCT(--($C$4:$C$75="B"),--($E$4:$E$75=L13),--($G$4:$G$75<$F$4:$F$75),--($F$4:$F$75<>""),--($G$4:$G$75<>""))} -> 0 | P13: {=SUMPRODUCT(--($C$4:$C$75="B"),--($D$4:$D$75=L13),$F$4:$F$75,--($F$4:$F$75<>""),--($G$4:$G$75<>""))+SUMPRODUCT(--($C$4:$C$75="B"),--($E$4:$E$75=L13),$G$4:$G$75,--($F$4:$F$75<>""),--($G$4:$G$75<>""))} -> 0 | Q13: {=SUMPRODUCT(--($C$4:$C$75="B"),--($D$4:$D$75=L13),$G$4:$G$75,--($F$4:$F$75<>""),--($G$4:$G$75<>""))+SUMPRODUCT(--($C$4:$C$75="B"),--($E$4:$E$75=L13),$F$4:$F$75,--($F$4:$F$75<>""),--($G$4:$G$75<>""))} -> 0 | R13: =P13-Q13 -> 0 | S13: =M13*3+N13 -> 0 | T13: =S13*100000+R13*1000+P13 -> 0 | W13: J | X13: {=IF(COUNTIFS($C$4:$C$75,"J",$F$4:$F$75,"<>",$G$4:$G$75,"<>")=0,"",IFERROR(INDEX($L$69:$L$72,MATCH(LARGE($T$69:$T$72+ROW($T$69:$T$72)/100000,1),$T$69:$T$72+ROW($T$69:$T$72)/100000,0)),""))} | Y13: {=IF(COUNTIFS($C$4:$C$75,"J",$F$4:$F$75,"<>",$G$4:$G$75,"<>")=0,"",IFERROR(INDEX($L$69:$L$72,MATCH(LARGE($T$69:$T$72+ROW($T$69:$T$72)/100000,2),$T$69:$T$72+ROW($T$69:$T$72)/100000,0)),""))} | Z13: {=IF(COUNTIFS($C$4:$C$75,"J",$F$4:$F$75,"<>",$G$4:$G$75,"<>")=0,"",IFERROR(INDEX($L$69:$L$72,MATCH(LARGE($T$69:$T$72+ROW($T$69:$T$72)/100000,3),$T$69:$T$72+ROW($T$69:$T$72)/100000,0)),""))} | AA13: {=IF(COUNTIFS($C$4:$C$75,"J",$F$4:$F$75,"<>",$G$4:$G$75,"<>")=0,"",LARGE($T$69:$T$72+ROW($T$69:$T$72)/100000,3))} | AB13: =IF(AA13="","",_xlfn.RANK.EQ(AA13,$AA$4:$AA$15,0))
A14: 11 | B14: Gruppspel | C14: B | D14: Schweiz | E14: Kanada | H14: =IF(OR(F14="",G14=""),"",IF(F14>G14,"1",IF(F14<G14,"2","X"))) | I14: =IF(OR(F14="",G14="",'📊 Resultat & Tabell'!K15="",'📊 Resultat & Tabell'!L15=""),"",IF(F14='📊 Resultat & Tabell'!K15,2,0)+IF(G14='📊 Resultat & Tabell'!L15,2,0)) | J14: =IF(OR(H14="",'📊 Resultat & Tabell'!M15=""),"",IF(H14='📊 Resultat & Tabell'!M15,2,0)) | K14: =IF(AND(I14="",J14=""),"",N(I14)+N(J14)) | L14: Bosnien och Hercegovina | M14: {=SUMPRODUCT(--($C$4:$C$75="B"),--($D$4:$D$75=L14),--($F$4:$F$75>$G$4:$G$75),--($F$4:$F$75<>""),--($G$4:$G$75<>""))+SUMPRODUCT(--($C$4:$C$75="B"),--($E$4:$E$75=L14),--($G$4:$G$75>$F$4:$F$75),--($F$4:$F$75<>""),--($G$4:$G$75<>""))} -> 0 | N14: {=SUMPRODUCT(--($C$4:$C$75="B"),--(($D$4:$D$75=L14)+($E$4:$E$75=L14)>0),--($F$4:$F$75=$G$4:$G$75),--($F$4:$F$75<>""),--($G$4:$G$75<>""))} -> 0 | O14: {=SUMPRODUCT(--($C$4:$C$75="B"),--($D$4:$D$75=L14),--($F$4:$F$75<$G$4:$G$75),--($F$4:$F$75<>""),--($G$4:$G$75<>""))+SUMPRODUCT(--($C$4:$C$75="B"),--($E$4:$E$75=L14),--($G$4:$G$75<$F$4:$F$75),--($F$4:$F$75<>""),--($G$4:$G$75<>""))} -> 0 | P14: {=SUMPRODUCT(--($C$4:$C$75="B"),--($D$4:$D$75=L14),$F$4:$F$75,--($F$4:$F$75<>""),--($G$4:$G$75<>""))+SUMPRODUCT(--($C$4:$C$75="B"),--($E$4:$E$75=L14),$G$4:$G$75,--($F$4:$F$75<>""),--($G$4:$G$75<>""))} -> 0 | Q14: {=SUMPRODUCT(--($C$4:$C$75="B"),--($D$4:$D$75=L14),$G$4:$G$75,--($F$4:$F$75<>""),--($G$4:$G$75<>""))+SUMPRODUCT(--($C$4:$C$75="B"),--($E$4:$E$75=L14),$F$4:$F$75,--($F$4:$F$75<>""),--($G$4:$G$75<>""))} -> 0 | R14: =P14-Q14 -> 0 | S14: =M14*3+N14 -> 0 | T14: =S14*100000+R14*1000+P14 -> 0 | W14: K | X14: {=IF(COUNTIFS($C$4:$C$75,"K",$F$4:$F$75,"<>",$G$4:$G$75,"<>")=0,"",IFERROR(INDEX($L$76:$L$79,MATCH(LARGE($T$76:$T$79+ROW($T$76:$T$79)/100000,1),$T$76:$T$79+ROW($T$76:$T$79)/100000,0)),""))} | Y14: {=IF(COUNTIFS($C$4:$C$75,"K",$F$4:$F$75,"<>",$G$4:$G$75,"<>")=0,"",IFERROR(INDEX($L$76:$L$79,MATCH(LARGE($T$76:$T$79+ROW($T$76:$T$79)/100000,2),$T$76:$T$79+ROW($T$76:$T$79)/100000,0)),""))} | Z14: {=IF(COUNTIFS($C$4:$C$75,"K",$F$4:$F$75,"<>",$G$4:$G$75,"<>")=0,"",IFERROR(INDEX($L$76:$L$79,MATCH(LARGE($T$76:$T$79+ROW($T$76:$T$79)/100000,3),$T$76:$T$79+ROW($T$76:$T$79)/100000,0)),""))} | AA14: {=IF(COUNTIFS($C$4:$C$75,"K",$F$4:$F$75,"<>",$G$4:$G$75,"<>")=0,"",LARGE($T$76:$T$79+ROW($T$76:$T$79)/100000,3))} | AB14: =IF(AA14="","",_xlfn.RANK.EQ(AA14,$AA$4:$AA$15,0))
A15: 12 | B15: Gruppspel | C15: B | D15: Bosnien och Hercegovina | E15: Qatar | H15: =IF(OR(F15="",G15=""),"",IF(F15>G15,"1",IF(F15<G15,"2","X"))) | I15: =IF(OR(F15="",G15="",'📊 Resultat & Tabell'!K16="",'📊 Resultat & Tabell'!L16=""),"",IF(F15='📊 Resultat & Tabell'!K16,2,0)+IF(G15='📊 Resultat & Tabell'!L16,2,0)) | J15: =IF(OR(H15="",'📊 Resultat & Tabell'!M16=""),"",IF(H15='📊 Resultat & Tabell'!M16,2,0)) | K15: =IF(AND(I15="",J15=""),"",N(I15)+N(J15)) | L15: Qatar | M15: {=SUMPRODUCT(--($C$4:$C$75="B"),--($D$4:$D$75=L15),--($F$4:$F$75>$G$4:$G$75),--($F$4:$F$75<>""),--($G$4:$G$75<>""))+SUMPRODUCT(--($C$4:$C$75="B"),--($E$4:$E$75=L15),--($G$4:$G$75>$F$4:$F$75),--($F$4:$F$75<>""),--($G$4:$G$75<>""))} -> 0 | N15: {=SUMPRODUCT(--($C$4:$C$75="B"),--(($D$4:$D$75=L15)+($E$4:$E$75=L15)>0),--($F$4:$F$75=$G$4:$G$75),--($F$4:$F$75<>""),--($G$4:$G$75<>""))} -> 0 | O15: {=SUMPRODUCT(--($C$4:$C$75="B"),--($D$4:$D$75=L15),--($F$4:$F$75<$G$4:$G$75),--($F$4:$F$75<>""),--($G$4:$G$75<>""))+SUMPRODUCT(--($C$4:$C$75="B"),--($E$4:$E$75=L15),--($G$4:$G$75<$F$4:$F$75),--($F$4:$F$75<>""),--($G$4:$G$75<>""))} -> 0 | P15: {=SUMPRODUCT(--($C$4:$C$75="B"),--($D$4:$D$75=L15),$F$4:$F$75,--($F$4:$F$75<>""),--($G$4:$G$75<>""))+SUMPRODUCT(--($C$4:$C$75="B"),--($E$4:$E$75=L15),$G$4:$G$75,--($F$4:$F$75<>""),--($G$4:$G$75<>""))} -> 0 | Q15: {=SUMPRODUCT(--($C$4:$C$75="B"),--($D$4:$D$75=L15),$G$4:$G$75,--($F$4:$F$75<>""),--($G$4:$G$75<>""))+SUMPRODUCT(--($C$4:$C$75="B"),--($E$4:$E$75=L15),$F$4:$F$75,--($F$4:$F$75<>""),--($G$4:$G$75<>""))} -> 0 | R15: =P15-Q15 -> 0 | S15: =M15*3+N15 -> 0 | T15: =S15*100000+R15*1000+P15 -> 0 | W15: L | X15: {=IF(COUNTIFS($C$4:$C$75,"L",$F$4:$F$75,"<>",$G$4:$G$75,"<>")=0,"",IFERROR(INDEX($L$83:$L$86,MATCH(LARGE($T$83:$T$86+ROW($T$83:$T$86)/100000,1),$T$83:$T$86+ROW($T$83:$T$86)/100000,0)),""))} | Y15: {=IF(COUNTIFS($C$4:$C$75,"L",$F$4:$F$75,"<>",$G$4:$G$75,"<>")=0,"",IFERROR(INDEX($L$83:$L$86,MATCH(LARGE($T$83:$T$86+ROW($T$83:$T$86)/100000,2),$T$83:$T$86+ROW($T$83:$T$86)/100000,0)),""))} | Z15: {=IF(COUNTIFS($C$4:$C$75,"L",$F$4:$F$75,"<>",$G$4:$G$75,"<>")=0,"",IFERROR(INDEX($L$83:$L$86,MATCH(LARGE($T$83:$T$86+ROW($T$83:$T$86)/100000,3),$T$83:$T$86+ROW($T$83:$T$86)/100000,0)),""))} | AA15: {=IF(COUNTIFS($C$4:$C$75,"L",$F$4:$F$75,"<>",$G$4:$G$75,"<>")=0,"",LARGE($T$83:$T$86+ROW($T$83:$T$86)/100000,3))} | AB15: =IF(AA15="","",_xlfn.RANK.EQ(AA15,$AA$4:$AA$15,0))
A16: 13 | B16: Gruppspel | C16: C | D16: Brasilien | E16: Marocko | H16: =IF(OR(F16="",G16=""),"",IF(F16>G16,"1",IF(F16<G16,"2","X"))) | I16: =IF(OR(F16="",G16="",'📊 Resultat & Tabell'!K17="",'📊 Resultat & Tabell'!L17=""),"",IF(F16='📊 Resultat & Tabell'!K17,2,0)+IF(G16='📊 Resultat & Tabell'!L17,2,0)) | J16: =IF(OR(H16="",'📊 Resultat & Tabell'!M17=""),"",IF(H16='📊 Resultat & Tabell'!M17,2,0)) | K16: =IF(AND(I16="",J16=""),"",N(I16)+N(J16)) | L16: Schweiz | M16: {=SUMPRODUCT(--($C$4:$C$75="B"),--($D$4:$D$75=L16),--($F$4:$F$75>$G$4:$G$75),--($F$4:$F$75<>""),--($G$4:$G$75<>""))+SUMPRODUCT(--($C$4:$C$75="B"),--($E$4:$E$75=L16),--($G$4:$G$75>$F$4:$F$75),--($F$4:$F$75<>""),--($G$4:$G$75<>""))} -> 0 | N16: {=SUMPRODUCT(--($C$4:$C$75="B"),--(($D$4:$D$75=L16)+($E$4:$E$75=L16)>0),--($F$4:$F$75=$G$4:$G$75),--($F$4:$F$75<>""),--($G$4:$G$75<>""))} -> 0 | O16: {=SUMPRODUCT(--($C$4:$C$75="B"),--($D$4:$D$75=L16),--($F$4:$F$75<$G$4:$G$75),--($F$4:$F$75<>""),--($G$4:$G$75<>""))+SUMPRODUCT(--($C$4:$C$75="B"),--($E$4:$E$75=L16),--($G$4:$G$75<$F$4:$F$75),--($F$4:$F$75<>""),--($G$4:$G$75<>""))} -> 0 | P16: {=SUMPRODUCT(--($C$4:$C$75="B"),--($D$4:$D$75=L16),$F$4:$F$75,--($F$4:$F$75<>""),--($G$4:$G$75<>""))+SUMPRODUCT(--($C$4:$C$75="B"),--($E$4:$E$75=L16),$G$4:$G$75,--($F$4:$F$75<>""),--($G$4:$G$75<>""))} -> 0 | Q16: {=SUMPRODUCT(--($C$4:$C$75="B"),--($D$4:$D$75=L16),$G$4:$G$75,--($F$4:$F$75<>""),--($G$4:$G$75<>""))+SUMPRODUCT(--($C$4:$C$75="B"),--($E$4:$E$75=L16),$F$4:$F$75,--($F$4:$F$75<>""),--($G$4:$G$75<>""))} -> 0 | R16: =P16-Q16 -> 0 | S16: =M16*3+N16 -> 0 | T16: =S16*100000+R16*1000+P16 -> 0
A17: 14 | B17: Gruppspel | C17: C | D17: Haiti | E17: Skottland | H17: =IF(OR(F17="",G17=""),"",IF(F17>G17,"1",IF(F17<G17,"2","X"))) | I17: =IF(OR(F17="",G17="",'📊 Resultat & Tabell'!K18="",'📊 Resultat & Tabell'!L18=""),"",IF(F17='📊 Resultat & Tabell'!K18,2,0)+IF(G17='📊 Resultat & Tabell'!L18,2,0)) | J17: =IF(OR(H17="",'📊 Resultat & Tabell'!M18=""),"",IF(H17='📊 Resultat & Tabell'!M18,2,0)) | K17: =IF(AND(I17="",J17=""),"",N(I17)+N(J17))
A18: 15 | B18: Gruppspel | C18: C | D18: Skottland | E18: Marocko | H18: =IF(OR(F18="",G18=""),"",IF(F18>G18,"1",IF(F18<G18,"2","X"))) | I18: =IF(OR(F18="",G18="",'📊 Resultat & Tabell'!K19="",'📊 Resultat & Tabell'!L19=""),"",IF(F18='📊 Resultat & Tabell'!K19,2,0)+IF(G18='📊 Resultat & Tabell'!L19,2,0)) | J18: =IF(OR(H18="",'📊 Resultat & Tabell'!M19=""),"",IF(H18='📊 Resultat & Tabell'!M19,2,0)) | K18: =IF(AND(I18="",J18=""),"",N(I18)+N(J18)) | L18: Grupp C
A19: 16 | B19: Gruppspel | C19: C | D19: Brasilien | E19: Haiti | H19: =IF(OR(F19="",G19=""),"",IF(F19>G19,"1",IF(F19<G19,"2","X"))) | I19: =IF(OR(F19="",G19="",'📊 Resultat & Tabell'!K20="",'📊 Resultat & Tabell'!L20=""),"",IF(F19='📊 Resultat & Tabell'!K20,2,0)+IF(G19='📊 Resultat & Tabell'!L20,2,0)) | J19: =IF(OR(H19="",'📊 Resultat & Tabell'!M20=""),"",IF(H19='📊 Resultat & Tabell'!M20,2,0)) | K19: =IF(AND(I19="",J19=""),"",N(I19)+N(J19)) | L19: Lag | M19: V | N19: O | O19: F | P19: GM | Q19: IM | R19: +/- | S19: P | T19: Rankvärde
A20: 17 | B20: Gruppspel | C20: C | D20: Skottland | E20: Brasilien | H20: =IF(OR(F20="",G20=""),"",IF(F20>G20,"1",IF(F20<G20,"2","X"))) | I20: =IF(OR(F20="",G20="",'📊 Resultat & Tabell'!K21="",'📊 Resultat & Tabell'!L21=""),"",IF(F20='📊 Resultat & Tabell'!K21,2,0)+IF(G20='📊 Resultat & Tabell'!L21,2,0)) | J20: =IF(OR(H20="",'📊 Resultat & Tabell'!M21=""),"",IF(H20='📊 Resultat & Tabell'!M21,2,0)) | K20: =IF(AND(I20="",J20=""),"",N(I20)+N(J20)) | L20: Brasilien | M20: {=SUMPRODUCT(--($C$4:$C$75="C"),--($D$4:$D$75=L20),--($F$4:$F$75>$G$4:$G$75),--($F$4:$F$75<>""),--($G$4:$G$75<>""))+SUMPRODUCT(--($C$4:$C$75="C"),--($E$4:$E$75=L20),--($G$4:$G$75>$F$4:$F$75),--($F$4:$F$75<>""),--($G$4:$G$75<>""))} -> 0 | N20: {=SUMPRODUCT(--($C$4:$C$75="C"),--(($D$4:$D$75=L20)+($E$4:$E$75=L20)>0),--($F$4:$F$75=$G$4:$G$75),--($F$4:$F$75<>""),--($G$4:$G$75<>""))} -> 0 | O20: {=SUMPRODUCT(--($C$4:$C$75="C"),--($D$4:$D$75=L20),--($F$4:$F$75<$G$4:$G$75),--($F$4:$F$75<>""),--($G$4:$G$75<>""))+SUMPRODUCT(--($C$4:$C$75="C"),--($E$4:$E$75=L20),--($G$4:$G$75<$F$4:$F$75),--($F$4:$F$75<>""),--($G$4:$G$75<>""))} -> 0 | P20: {=SUMPRODUCT(--($C$4:$C$75="C"),--($D$4:$D$75=L20),$F$4:$F$75,--($F$4:$F$75<>""),--($G$4:$G$75<>""))+SUMPRODUCT(--($C$4:$C$75="C"),--($E$4:$E$75=L20),$G$4:$G$75,--($F$4:$F$75<>""),--($G$4:$G$75<>""))} -> 0 | Q20: {=SUMPRODUCT(--($C$4:$C$75="C"),--($D$4:$D$75=L20),$G$4:$G$75,--($F$4:$F$75<>""),--($G$4:$G$75<>""))+SUMPRODUCT(--($C$4:$C$75="C"),--($E$4:$E$75=L20),$F$4:$F$75,--($F$4:$F$75<>""),--($G$4:$G$75<>""))} -> 0 | R20: =P20-Q20 -> 0 | S20: =M20*3+N20 -> 0 | T20: =S20*100000+R20*1000+P20 -> 0
A21: 18 | B21: Gruppspel | C21: C | D21: Marocko | E21: Haiti | H21: =IF(OR(F21="",G21=""),"",IF(F21>G21,"1",IF(F21<G21,"2","X"))) | I21: =IF(OR(F21="",G21="",'📊 Resultat & Tabell'!K22="",'📊 Resultat & Tabell'!L22=""),"",IF(F21='📊 Resultat & Tabell'!K22,2,0)+IF(G21='📊 Resultat & Tabell'!L22,2,0)) | J21: =IF(OR(H21="",'📊 Resultat & Tabell'!M22=""),"",IF(H21='📊 Resultat & Tabell'!M22,2,0)) | K21: =IF(AND(I21="",J21=""),"",N(I21)+N(J21)) | L21: Marocko | M21: {=SUMPRODUCT(--($C$4:$C$75="C"),--($D$4:$D$75=L21),--($F$4:$F$75>$G$4:$G$75),--($F$4:$F$75<>""),--($G$4:$G$75<>""))+SUMPRODUCT(--($C$4:$C$75="C"),--($E$4:$E$75=L21),--($G$4:$G$75>$F$4:$F$75),--($F$4:$F$75<>""),--($G$4:$G$75<>""))} -> 0 | N21: {=SUMPRODUCT(--($C$4:$C$75="C"),--(($D$4:$D$75=L21)+($E$4:$E$75=L21)>0),--($F$4:$F$75=$G$4:$G$75),--($F$4:$F$75<>""),--($G$4:$G$75<>""))} -> 0 | O21: {=SUMPRODUCT(--($C$4:$C$75="C"),--($D$4:$D$75=L21),--($F$4:$F$75<$G$4:$G$75),--($F$4:$F$75<>""),--($G$4:$G$75<>""))+SUMPRODUCT(--($C$4:$C$75="C"),--($E$4:$E$75=L21),--($G$4:$G$75<$F$4:$F$75),--($F$4:$F$75<>""),--($G$4:$G$75<>""))} -> 0 | P21: {=SUMPRODUCT(--($C$4:$C$75="C"),--($D$4:$D$75=L21),$F$4:$F$75,--($F$4:$F$75<>""),--($G$4:$G$75<>""))+SUMPRODUCT(--($C$4:$C$75="C"),--($E$4:$E$75=L21),$G$4:$G$75,--($F$4:$F$75<>""),--($G$4:$G$75<>""))} -> 0 | Q21: {=SUMPRODUCT(--($C$4:$C$75="C"),--($D$4:$D$75=L21),$G$4:$G$75,--($F$4:$F$75<>""),--($G$4:$G$75<>""))+SUMPRODUCT(--($C$4:$C$75="C"),--($E$4:$E$75=L21),$F$4:$F$75,--($F$4:$F$75<>""),--($G$4:$G$75<>""))} -> 0 | R21: =P21-Q21 -> 0 | S21: =M21*3+N21 -> 0 | T21: =S21*100000+R21*1000+P21 -> 0
A22: 19 | B22: Gruppspel | C22: D | D22: USA | E22: Paraguay | H22: =IF(OR(F22="",G22=""),"",IF(F22>G22,"1",IF(F22<G22,"2","X"))) | I22: =IF(OR(F22="",G22="",'📊 Resultat & Tabell'!K23="",'📊 Resultat & Tabell'!L23=""),"",IF(F22='📊 Resultat & Tabell'!K23,2,0)+IF(G22='📊 Resultat & Tabell'!L23,2,0)) | J22: =IF(OR(H22="",'📊 Resultat & Tabell'!M23=""),"",IF(H22='📊 Resultat & Tabell'!M23,2,0)) | K22: =IF(AND(I22="",J22=""),"",N(I22)+N(J22)) | L22: Haiti | M22: {=SUMPRODUCT(--($C$4:$C$75="C"),--($D$4:$D$75=L22),--($F$4:$F$75>$G$4:$G$75),--($F$4:$F$75<>""),--($G$4:$G$75<>""))+SUMPRODUCT(--($C$4:$C$75="C"),--($E$4:$E$75=L22),--($G$4:$G$75>$F$4:$F$75),--($F$4:$F$75<>""),--($G$4:$G$75<>""))} -> 0 | N22: {=SUMPRODUCT(--($C$4:$C$75="C"),--(($D$4:$D$75=L22)+($E$4:$E$75=L22)>0),--($F$4:$F$75=$G$4:$G$75),--($F$4:$F$75<>""),--($G$4:$G$75<>""))} -> 0 | O22: {=SUMPRODUCT(--($C$4:$C$75="C"),--($D$4:$D$75=L22),--($F$4:$F$75<$G$4:$G$75),--($F$4:$F$75<>""),--($G$4:$G$75<>""))+SUMPRODUCT(--($C$4:$C$75="C"),--($E$4:$E$75=L22),--($G$4:$G$75<$F$4:$F$75),--($F$4:$F$75<>""),--($G$4:$G$75<>""))} -> 0 | P22: {=SUMPRODUCT(--($C$4:$C$75="C"),--($D$4:$D$75=L22),$F$4:$F$75,--($F$4:$F$75<>""),--($G$4:$G$75<>""))+SUMPRODUCT(--($C$4:$C$75="C"),--($E$4:$E$75=L22),$G$4:$G$75,--($F$4:$F$75<>""),--($G$4:$G$75<>""))} -> 0 | Q22: {=SUMPRODUCT(--($C$4:$C$75="C"),--($D$4:$D$75=L22),$G$4:$G$75,--($F$4:$F$75<>""),--($G$4:$G$75<>""))+SUMPRODUCT(--($C$4:$C$75="C"),--($E$4:$E$75=L22),$F$4:$F$75,--($F$4:$F$75<>""),--($G$4:$G$75<>""))} -> 0 | R22: =P22-Q22 -> 0 | S22: =M22*3+N22 -> 0 | T22: =S22*100000+R22*1000+P22 -> 0
A23: 20 | B23: Gruppspel | C23: D | D23: Australien | E23: Turkiet | H23: =IF(OR(F23="",G23=""),"",IF(F23>G23,"1",IF(F23<G23,"2","X"))) | I23: =IF(OR(F23="",G23="",'📊 Resultat & Tabell'!K24="",'📊 Resultat & Tabell'!L24=""),"",IF(F23='📊 Resultat & Tabell'!K24,2,0)+IF(G23='📊 Resultat & Tabell'!L24,2,0)) | J23: =IF(OR(H23="",'📊 Resultat & Tabell'!M24=""),"",IF(H23='📊 Resultat & Tabell'!M24,2,0)) | K23: =IF(AND(I23="",J23=""),"",N(I23)+N(J23)) | L23: Skottland | M23: {=SUMPRODUCT(--($C$4:$C$75="C"),--($D$4:$D$75=L23),--($F$4:$F$75>$G$4:$G$75),--($F$4:$F$75<>""),--($G$4:$G$75<>""))+SUMPRODUCT(--($C$4:$C$75="C"),--($E$4:$E$75=L23),--($G$4:$G$75>$F$4:$F$75),--($F$4:$F$75<>""),--($G$4:$G$75<>""))} -> 0 | N23: {=SUMPRODUCT(--($C$4:$C$75="C"),--(($D$4:$D$75=L23)+($E$4:$E$75=L23)>0),--($F$4:$F$75=$G$4:$G$75),--($F$4:$F$75<>""),--($G$4:$G$75<>""))} -> 0 | O23: {=SUMPRODUCT(--($C$4:$C$75="C"),--($D$4:$D$75=L23),--($F$4:$F$75<$G$4:$G$75),--($F$4:$F$75<>""),--($G$4:$G$75<>""))+SUMPRODUCT(--($C$4:$C$75="C"),--($E$4:$E$75=L23),--($G$4:$G$75<$F$4:$F$75),--($F$4:$F$75<>""),--($G$4:$G$75<>""))} -> 0 | P23: {=SUMPRODUCT(--($C$4:$C$75="C"),--($D$4:$D$75=L23),$F$4:$F$75,--($F$4:$F$75<>""),--($G$4:$G$75<>""))+SUMPRODUCT(--($C$4:$C$75="C"),--($E$4:$E$75=L23),$G$4:$G$75,--($F$4:$F$75<>""),--($G$4:$G$75<>""))} -> 0 | Q23: {=SUMPRODUCT(--($C$4:$C$75="C"),--($D$4:$D$75=L23),$G$4:$G$75,--($F$4:$F$75<>""),--($G$4:$G$75<>""))+SUMPRODUCT(--($C$4:$C$75="C"),--($E$4:$E$75=L23),$F$4:$F$75,--($F$4:$F$75<>""),--($G$4:$G$75<>""))} -> 0 | R23: =P23-Q23 -> 0 | S23: =M23*3+N23 -> 0 | T23: =S23*100000+R23*1000+P23 -> 0
A24: 21 | B24: Gruppspel | C24: D | D24: Turkiet | E24: Paraguay | H24: =IF(OR(F24="",G24=""),"",IF(F24>G24,"1",IF(F24<G24,"2","X"))) | I24: =IF(OR(F24="",G24="",'📊 Resultat & Tabell'!K25="",'📊 Resultat & Tabell'!L25=""),"",IF(F24='📊 Resultat & Tabell'!K25,2,0)+IF(G24='📊 Resultat & Tabell'!L25,2,0)) | J24: =IF(OR(H24="",'📊 Resultat & Tabell'!M25=""),"",IF(H24='📊 Resultat & Tabell'!M25,2,0)) | K24: =IF(AND(I24="",J24=""),"",N(I24)+N(J24))
A25: 22 | B25: Gruppspel | C25: D | D25: USA | E25: Australien | H25: =IF(OR(F25="",G25=""),"",IF(F25>G25,"1",IF(F25<G25,"2","X"))) | I25: =IF(OR(F25="",G25="",'📊 Resultat & Tabell'!K26="",'📊 Resultat & Tabell'!L26=""),"",IF(F25='📊 Resultat & Tabell'!K26,2,0)+IF(G25='📊 Resultat & Tabell'!L26,2,0)) | J25: =IF(OR(H25="",'📊 Resultat & Tabell'!M26=""),"",IF(H25='📊 Resultat & Tabell'!M26,2,0)) | K25: =IF(AND(I25="",J25=""),"",N(I25)+N(J25)) | L25: Grupp D
A26: 23 | B26: Gruppspel | C26: D | D26: Turkiet | E26: USA | H26: =IF(OR(F26="",G26=""),"",IF(F26>G26,"1",IF(F26<G26,"2","X"))) | I26: =IF(OR(F26="",G26="",'📊 Resultat & Tabell'!K27="",'📊 Resultat & Tabell'!L27=""),"",IF(F26='📊 Resultat & Tabell'!K27,2,0)+IF(G26='📊 Resultat & Tabell'!L27,2,0)) | J26: =IF(OR(H26="",'📊 Resultat & Tabell'!M27=""),"",IF(H26='📊 Resultat & Tabell'!M27,2,0)) | K26: =IF(AND(I26="",J26=""),"",N(I26)+N(J26)) | L26: Lag | M26: V | N26: O | O26: F | P26: GM | Q26: IM | R26: +/- | S26: P | T26: Rankvärde
A27: 24 | B27: Gruppspel | C27: D | D27: Paraguay | E27: Australien | H27: =IF(OR(F27="",G27=""),"",IF(F27>G27,"1",IF(F27<G27,"2","X"))) | I27: =IF(OR(F27="",G27="",'📊 Resultat & Tabell'!K28="",'📊 Resultat & Tabell'!L28=""),"",IF(F27='📊 Resultat & Tabell'!K28,2,0)+IF(G27='📊 Resultat & Tabell'!L28,2,0)) | J27: =IF(OR(H27="",'📊 Resultat & Tabell'!M28=""),"",IF(H27='📊 Resultat & Tabell'!M28,2,0)) | K27: =IF(AND(I27="",J27=""),"",N(I27)+N(J27)) | L27: USA | M27: {=SUMPRODUCT(--($C$4:$C$75="D"),--($D$4:$D$75=L27),--($F$4:$F$75>$G$4:$G$75),--($F$4:$F$75<>""),--($G$4:$G$75<>""))+SUMPRODUCT(--($C$4:$C$75="D"),--($E$4:$E$75=L27),--($G$4:$G$75>$F$4:$F$75),--($F$4:$F$75<>""),--($G$4:$G$75<>""))} -> 0 | N27: {=SUMPRODUCT(--($C$4:$C$75="D"),--(($D$4:$D$75=L27)+($E$4:$E$75=L27)>0),--($F$4:$F$75=$G$4:$G$75),--($F$4:$F$75<>""),--($G$4:$G$75<>""))} -> 0 | O27: {=SUMPRODUCT(--($C$4:$C$75="D"),--($D$4:$D$75=L27),--($F$4:$F$75<$G$4:$G$75),--($F$4:$F$75<>""),--($G$4:$G$75<>""))+SUMPRODUCT(--($C$4:$C$75="D"),--($E$4:$E$75=L27),--($G$4:$G$75<$F$4:$F$75),--($F$4:$F$75<>""),--($G$4:$G$75<>""))} -> 0 | P27: {=SUMPRODUCT(--($C$4:$C$75="D"),--($D$4:$D$75=L27),$F$4:$F$75,--($F$4:$F$75<>""),--($G$4:$G$75<>""))+SUMPRODUCT(--($C$4:$C$75="D"),--($E$4:$E$75=L27),$G$4:$G$75,--($F$4:$F$75<>""),--($G$4:$G$75<>""))} -> 0 | Q27: {=SUMPRODUCT(--($C$4:$C$75="D"),--($D$4:$D$75=L27),$G$4:$G$75,--($F$4:$F$75<>""),--($G$4:$G$75<>""))+SUMPRODUCT(--($C$4:$C$75="D"),--($E$4:$E$75=L27),$F$4:$F$75,--($F$4:$F$75<>""),--($G$4:$G$75<>""))} -> 0 | R27: =P27-Q27 -> 0 | S27: =M27*3+N27 -> 0 | T27: =S27*100000+R27*1000+P27 -> 0
A28: 25 | B28: Gruppspel | C28: E | D28: Tyskland | E28: Curaçao | H28: =IF(OR(F28="",G28=""),"",IF(F28>G28,"1",IF(F28<G28,"2","X"))) | I28: =IF(OR(F28="",G28="",'📊 Resultat & Tabell'!K29="",'📊 Resultat & Tabell'!L29=""),"",IF(F28='📊 Resultat & Tabell'!K29,2,0)+IF(G28='📊 Resultat & Tabell'!L29,2,0)) | J28: =IF(OR(H28="",'📊 Resultat & Tabell'!M29=""),"",IF(H28='📊 Resultat & Tabell'!M29,2,0)) | K28: =IF(AND(I28="",J28=""),"",N(I28)+N(J28)) | L28: Paraguay | M28: {=SUMPRODUCT(--($C$4:$C$75="D"),--($D$4:$D$75=L28),--($F$4:$F$75>$G$4:$G$75),--($F$4:$F$75<>""),--($G$4:$G$75<>""))+SUMPRODUCT(--($C$4:$C$75="D"),--($E$4:$E$75=L28),--($G$4:$G$75>$F$4:$F$75),--($F$4:$F$75<>""),--($G$4:$G$75<>""))} -> 0 | N28: {=SUMPRODUCT(--($C$4:$C$75="D"),--(($D$4:$D$75=L28)+($E$4:$E$75=L28)>0),--($F$4:$F$75=$G$4:$G$75),--($F$4:$F$75<>""),--($G$4:$G$75<>""))} -> 0 | O28: {=SUMPRODUCT(--($C$4:$C$75="D"),--($D$4:$D$75=L28),--($F$4:$F$75<$G$4:$G$75),--($F$4:$F$75<>""),--($G$4:$G$75<>""))+SUMPRODUCT(--($C$4:$C$75="D"),--($E$4:$E$75=L28),--($G$4:$G$75<$F$4:$F$75),--($F$4:$F$75<>""),--($G$4:$G$75<>""))} -> 0 | P28: {=SUMPRODUCT(--($C$4:$C$75="D"),--($D$4:$D$75=L28),$F$4:$F$75,--($F$4:$F$75<>""),--($G$4:$G$75<>""))+SUMPRODUCT(--($C$4:$C$75="D"),--($E$4:$E$75=L28),$G$4:$G$75,--($F$4:$F$75<>""),--($G$4:$G$75<>""))} -> 0 | Q28: {=SUMPRODUCT(--($C$4:$C$75="D"),--($D$4:$D$75=L28),$G$4:$G$75,--($F$4:$F$75<>""),--($G$4:$G$75<>""))+SUMPRODUCT(--($C$4:$C$75="D"),--($E$4:$E$75=L28),$F$4:$F$75,--($F$4:$F$75<>""),--($G$4:$G$75<>""))} -> 0 | R28: =P28-Q28 -> 0 | S28: =M28*3+N28 -> 0 | T28: =S28*100000+R28*1000+P28 -> 0
A29: 26 | B29: Gruppspel | C29: E | D29: Elfenbenskusten | E29: Ecuador | H29: =IF(OR(F29="",G29=""),"",IF(F29>G29,"1",IF(F29<G29,"2","X"))) | I29: =IF(OR(F29="",G29="",'📊 Resultat & Tabell'!K30="",'📊 Resultat & Tabell'!L30=""),"",IF(F29='📊 Resultat & Tabell'!K30,2,0)+IF(G29='📊 Resultat & Tabell'!L30,2,0)) | J29: =IF(OR(H29="",'📊 Resultat & Tabell'!M30=""),"",IF(H29='📊 Resultat & Tabell'!M30,2,0)) | K29: =IF(AND(I29="",J29=""),"",N(I29)+N(J29)) | L29: Australien | M29: {=SUMPRODUCT(--($C$4:$C$75="D"),--($D$4:$D$75=L29),--($F$4:$F$75>$G$4:$G$75),--($F$4:$F$75<>""),--($G$4:$G$75<>""))+SUMPRODUCT(--($C$4:$C$75="D"),--($E$4:$E$75=L29),--($G$4:$G$75>$F$4:$F$75),--($F$4:$F$75<>""),--($G$4:$G$75<>""))} -> 0 | N29: {=SUMPRODUCT(--($C$4:$C$75="D"),--(($D$4:$D$75=L29)+($E$4:$E$75=L29)>0),--($F$4:$F$75=$G$4:$G$75),--($F$4:$F$75<>""),--($G$4:$G$75<>""))} -> 0 | O29: {=SUMPRODUCT(--($C$4:$C$75="D"),--($D$4:$D$75=L29),--($F$4:$F$75<$G$4:$G$75),--($F$4:$F$75<>""),--($G$4:$G$75<>""))+SUMPRODUCT(--($C$4:$C$75="D"),--($E$4:$E$75=L29),--($G$4:$G$75<$F$4:$F$75),--($F$4:$F$75<>""),--($G$4:$G$75<>""))} -> 0 | P29: {=SUMPRODUCT(--($C$4:$C$75="D"),--($D$4:$D$75=L29),$F$4:$F$75,--($F$4:$F$75<>""),--($G$4:$G$75<>""))+SUMPRODUCT(--($C$4:$C$75="D"),--($E$4:$E$75=L29),$G$4:$G$75,--($F$4:$F$75<>""),--($G$4:$G$75<>""))} -> 0 | Q29: {=SUMPRODUCT(--($C$4:$C$75="D"),--($D$4:$D$75=L29),$G$4:$G$75,--($F$4:$F$75<>""),--($G$4:$G$75<>""))+SUMPRODUCT(--($C$4:$C$75="D"),--($E$4:$E$75=L29),$F$4:$F$75,--($F$4:$F$75<>""),--($G$4:$G$75<>""))} -> 0 | R29: =P29-Q29 -> 0 | S29: =M29*3+N29 -> 0 | T29: =S29*100000+R29*1000+P29 -> 0
A30: 27 | B30: Gruppspel | C30: E | D30: Ecuador | E30: Curaçao | H30: =IF(OR(F30="",G30=""),"",IF(F30>G30,"1",IF(F30<G30,"2","X"))) | I30: =IF(OR(F30="",G30="",'📊 Resultat & Tabell'!K31="",'📊 Resultat & Tabell'!L31=""),"",IF(F30='📊 Resultat & Tabell'!K31,2,0)+IF(G30='📊 Resultat & Tabell'!L31,2,0)) | J30: =IF(OR(H30="",'📊 Resultat & Tabell'!M31=""),"",IF(H30='📊 Resultat & Tabell'!M31,2,0)) | K30: =IF(AND(I30="",J30=""),"",N(I30)+N(J30)) | L30: Turkiet | M30: {=SUMPRODUCT(--($C$4:$C$75="D"),--($D$4:$D$75=L30),--($F$4:$F$75>$G$4:$G$75),--($F$4:$F$75<>""),--($G$4:$G$75<>""))+SUMPRODUCT(--($C$4:$C$75="D"),--($E$4:$E$75=L30),--($G$4:$G$75>$F$4:$F$75),--($F$4:$F$75<>""),--($G$4:$G$75<>""))} -> 0 | N30: {=SUMPRODUCT(--($C$4:$C$75="D"),--(($D$4:$D$75=L30)+($E$4:$E$75=L30)>0),--($F$4:$F$75=$G$4:$G$75),--($F$4:$F$75<>""),--($G$4:$G$75<>""))} -> 0 | O30: {=SUMPRODUCT(--($C$4:$C$75="D"),--($D$4:$D$75=L30),--($F$4:$F$75<$G$4:$G$75),--($F$4:$F$75<>""),--($G$4:$G$75<>""))+SUMPRODUCT(--($C$4:$C$75="D"),--($E$4:$E$75=L30),--($G$4:$G$75<$F$4:$F$75),--($F$4:$F$75<>""),--($G$4:$G$75<>""))} -> 0 | P30: {=SUMPRODUCT(--($C$4:$C$75="D"),--($D$4:$D$75=L30),$F$4:$F$75,--($F$4:$F$75<>""),--($G$4:$G$75<>""))+SUMPRODUCT(--($C$4:$C$75="D"),--($E$4:$E$75=L30),$G$4:$G$75,--($F$4:$F$75<>""),--($G$4:$G$75<>""))} -> 0 | Q30: {=SUMPRODUCT(--($C$4:$C$75="D"),--($D$4:$D$75=L30),$G$4:$G$75,--($F$4:$F$75<>""),--($G$4:$G$75<>""))+SUMPRODUCT(--($C$4:$C$75="D"),--($E$4:$E$75=L30),$F$4:$F$75,--($F$4:$F$75<>""),--($G$4:$G$75<>""))} -> 0 | R30: =P30-Q30 -> 0 | S30: =M30*3+N30 -> 0 | T30: =S30*100000+R30*1000+P30 -> 0
A31: 28 | B31: Gruppspel | C31: E | D31: Tyskland | E31: Elfenbenskusten | H31: =IF(OR(F31="",G31=""),"",IF(F31>G31,"1",IF(F31<G31,"2","X"))) | I31: =IF(OR(F31="",G31="",'📊 Resultat & Tabell'!K32="",'📊 Resultat & Tabell'!L32=""),"",IF(F31='📊 Resultat & Tabell'!K32,2,0)+IF(G31='📊 Resultat & Tabell'!L32,2,0)) | J31: =IF(OR(H31="",'📊 Resultat & Tabell'!M32=""),"",IF(H31='📊 Resultat & Tabell'!M32,2,0)) | K31: =IF(AND(I31="",J31=""),"",N(I31)+N(J31))
A32: 29 | B32: Gruppspel | C32: E | D32: Ecuador | E32: Tyskland | H32: =IF(OR(F32="",G32=""),"",IF(F32>G32,"1",IF(F32<G32,"2","X"))) | I32: =IF(OR(F32="",G32="",'📊 Resultat & Tabell'!K33="",'📊 Resultat & Tabell'!L33=""),"",IF(F32='📊 Resultat & Tabell'!K33,2,0)+IF(G32='📊 Resultat & Tabell'!L33,2,0)) | J32: =IF(OR(H32="",'📊 Resultat & Tabell'!M33=""),"",IF(H32='📊 Resultat & Tabell'!M33,2,0)) | K32: =IF(AND(I32="",J32=""),"",N(I32)+N(J32)) | L32: Grupp E
A33: 30 | B33: Gruppspel | C33: E | D33: Curaçao | E33: Elfenbenskusten | H33: =IF(OR(F33="",G33=""),"",IF(F33>G33,"1",IF(F33<G33,"2","X"))) | I33: =IF(OR(F33="",G33="",'📊 Resultat & Tabell'!K34="",'📊 Resultat & Tabell'!L34=""),"",IF(F33='📊 Resultat & Tabell'!K34,2,0)+IF(G33='📊 Resultat & Tabell'!L34,2,0)) | J33: =IF(OR(H33="",'📊 Resultat & Tabell'!M34=""),"",IF(H33='📊 Resultat & Tabell'!M34,2,0)) | K33: =IF(AND(I33="",J33=""),"",N(I33)+N(J33)) | L33: Lag | M33: V | N33: O | O33: F | P33: GM | Q33: IM | R33: +/- | S33: P | T33: Rankvärde
A34: 31 | B34: Gruppspel | C34: F | D34: Nederländerna | E34: Japan | H34: =IF(OR(F34="",G34=""),"",IF(F34>G34,"1",IF(F34<G34,"2","X"))) | I34: =IF(OR(F34="",G34="",'📊 Resultat & Tabell'!K35="",'📊 Resultat & Tabell'!L35=""),"",IF(F34='📊 Resultat & Tabell'!K35,2,0)+IF(G34='📊 Resultat & Tabell'!L35,2,0)) | J34: =IF(OR(H34="",'📊 Resultat & Tabell'!M35=""),"",IF(H34='📊 Resultat & Tabell'!M35,2,0)) | K34: =IF(AND(I34="",J34=""),"",N(I34)+N(J34)) | L34: Tyskland | M34: {=SUMPRODUCT(--($C$4:$C$75="E"),--($D$4:$D$75=L34),--($F$4:$F$75>$G$4:$G$75),--($F$4:$F$75<>""),--($G$4:$G$75<>""))+SUMPRODUCT(--($C$4:$C$75="E"),--($E$4:$E$75=L34),--($G$4:$G$75>$F$4:$F$75),--($F$4:$F$75<>""),--($G$4:$G$75<>""))} -> 0 | N34: {=SUMPRODUCT(--($C$4:$C$75="E"),--(($D$4:$D$75=L34)+($E$4:$E$75=L34)>0),--($F$4:$F$75=$G$4:$G$75),--($F$4:$F$75<>""),--($G$4:$G$75<>""))} -> 0 | O34: {=SUMPRODUCT(--($C$4:$C$75="E"),--($D$4:$D$75=L34),--($F$4:$F$75<$G$4:$G$75),--($F$4:$F$75<>""),--($G$4:$G$75<>""))+SUMPRODUCT(--($C$4:$C$75="E"),--($E$4:$E$75=L34),--($G$4:$G$75<$F$4:$F$75),--($F$4:$F$75<>""),--($G$4:$G$75<>""))} -> 0 | P34: {=SUMPRODUCT(--($C$4:$C$75="E"),--($D$4:$D$75=L34),$F$4:$F$75,--($F$4:$F$75<>""),--($G$4:$G$75<>""))+SUMPRODUCT(--($C$4:$C$75="E"),--($E$4:$E$75=L34),$G$4:$G$75,--($F$4:$F$75<>""),--($G$4:$G$75<>""))} -> 0 | Q34: {=SUMPRODUCT(--($C$4:$C$75="E"),--($D$4:$D$75=L34),$G$4:$G$75,--($F$4:$F$75<>""),--($G$4:$G$75<>""))+SUMPRODUCT(--($C$4:$C$75="E"),--($E$4:$E$75=L34),$F$4:$F$75,--($F$4:$F$75<>""),--($G$4:$G$75<>""))} -> 0 | R34: =P34-Q34 -> 0 | S34: =M34*3+N34 -> 0 | T34: =S34*100000+R34*1000+P34 -> 0
A35: 32 | B35: Gruppspel | C35: F | D35: Sverige | E35: Tunisien | H35: =IF(OR(F35="",G35=""),"",IF(F35>G35,"1",IF(F35<G35,"2","X"))) | I35: =IF(OR(F35="",G35="",'📊 Resultat & Tabell'!K36="",'📊 Resultat & Tabell'!L36=""),"",IF(F35='📊 Resultat & Tabell'!K36,2,0)+IF(G35='📊 Resultat & Tabell'!L36,2,0)) | J35: =IF(OR(H35="",'📊 Resultat & Tabell'!M36=""),"",IF(H35='📊 Resultat & Tabell'!M36,2,0)) | K35: =IF(AND(I35="",J35=""),"",N(I35)+N(J35)) | L35: Curaçao | M35: {=SUMPRODUCT(--($C$4:$C$75="E"),--($D$4:$D$75=L35),--($F$4:$F$75>$G$4:$G$75),--($F$4:$F$75<>""),--($G$4:$G$75<>""))+SUMPRODUCT(--($C$4:$C$75="E"),--($E$4:$E$75=L35),--($G$4:$G$75>$F$4:$F$75),--($F$4:$F$75<>""),--($G$4:$G$75<>""))} -> 0 | N35: {=SUMPRODUCT(--($C$4:$C$75="E"),--(($D$4:$D$75=L35)+($E$4:$E$75=L35)>0),--($F$4:$F$75=$G$4:$G$75),--($F$4:$F$75<>""),--($G$4:$G$75<>""))} -> 0 | O35: {=SUMPRODUCT(--($C$4:$C$75="E"),--($D$4:$D$75=L35),--($F$4:$F$75<$G$4:$G$75),--($F$4:$F$75<>""),--($G$4:$G$75<>""))+SUMPRODUCT(--($C$4:$C$75="E"),--($E$4:$E$75=L35),--($G$4:$G$75<$F$4:$F$75),--($F$4:$F$75<>""),--($G$4:$G$75<>""))} -> 0 | P35: {=SUMPRODUCT(--($C$4:$C$75="E"),--($D$4:$D$75=L35),$F$4:$F$75,--($F$4:$F$75<>""),--($G$4:$G$75<>""))+SUMPRODUCT(--($C$4:$C$75="E"),--($E$4:$E$75=L35),$G$4:$G$75,--($F$4:$F$75<>""),--($G$4:$G$75<>""))} -> 0 | Q35: {=SUMPRODUCT(--($C$4:$C$75="E"),--($D$4:$D$75=L35),$G$4:$G$75,--($F$4:$F$75<>""),--($G$4:$G$75<>""))+SUMPRODUCT(--($C$4:$C$75="E"),--($E$4:$E$75=L35),$F$4:$F$75,--($F$4:$F$75<>""),--($G$4:$G$75<>""))} -> 0 | R35: =P35-Q35 -> 0 | S35: =M35*3+N35 -> 0 | T35: =S35*100000+R35*1000+P35 -> 0
A36: 33 | B36: Gruppspel | C36: F | D36: Tunisien | E36: Japan | H36: =IF(OR(F36="",G36=""),"",IF(F36>G36,"1",IF(F36<G36,"2","X"))) | I36: =IF(OR(F36="",G36="",'📊 Resultat & Tabell'!K37="",'📊 Resultat & Tabell'!L37=""),"",IF(F36='📊 Resultat & Tabell'!K37,2,0)+IF(G36='📊 Resultat & Tabell'!L37,2,0)) | J36: =IF(OR(H36="",'📊 Resultat & Tabell'!M37=""),"",IF(H36='📊 Resultat & Tabell'!M37,2,0)) | K36: =IF(AND(I36="",J36=""),"",N(I36)+N(J36)) | L36: Elfenbenskusten | M36: {=SUMPRODUCT(--($C$4:$C$75="E"),--($D$4:$D$75=L36),--($F$4:$F$75>$G$4:$G$75),--($F$4:$F$75<>""),--($G$4:$G$75<>""))+SUMPRODUCT(--($C$4:$C$75="E"),--($E$4:$E$75=L36),--($G$4:$G$75>$F$4:$F$75),--($F$4:$F$75<>""),--($G$4:$G$75<>""))} -> 0 | N36: {=SUMPRODUCT(--($C$4:$C$75="E"),--(($D$4:$D$75=L36)+($E$4:$E$75=L36)>0),--($F$4:$F$75=$G$4:$G$75),--($F$4:$F$75<>""),--($G$4:$G$75<>""))} -> 0 | O36: {=SUMPRODUCT(--($C$4:$C$75="E"),--($D$4:$D$75=L36),--($F$4:$F$75<$G$4:$G$75),--($F$4:$F$75<>""),--($G$4:$G$75<>""))+SUMPRODUCT(--($C$4:$C$75="E"),--($E$4:$E$75=L36),--($G$4:$G$75<$F$4:$F$75),--($F$4:$F$75<>""),--($G$4:$G$75<>""))} -> 0 | P36: {=SUMPRODUCT(--($C$4:$C$75="E"),--($D$4:$D$75=L36),$F$4:$F$75,--($F$4:$F$75<>""),--($G$4:$G$75<>""))+SUMPRODUCT(--($C$4:$C$75="E"),--($E$4:$E$75=L36),$G$4:$G$75,--($F$4:$F$75<>""),--($G$4:$G$75<>""))} -> 0 | Q36: {=SUMPRODUCT(--($C$4:$C$75="E"),--($D$4:$D$75=L36),$G$4:$G$75,--($F$4:$F$75<>""),--($G$4:$G$75<>""))+SUMPRODUCT(--($C$4:$C$75="E"),--($E$4:$E$75=L36),$F$4:$F$75,--($F$4:$F$75<>""),--($G$4:$G$75<>""))} -> 0 | R36: =P36-Q36 -> 0 | S36: =M36*3+N36 -> 0 | T36: =S36*100000+R36*1000+P36 -> 0
A37: 34 | B37: Gruppspel | C37: F | D37: Nederländerna | E37: Sverige | H37: =IF(OR(F37="",G37=""),"",IF(F37>G37,"1",IF(F37<G37,"2","X"))) | I37: =IF(OR(F37="",G37="",'📊 Resultat & Tabell'!K38="",'📊 Resultat & Tabell'!L38=""),"",IF(F37='📊 Resultat & Tabell'!K38,2,0)+IF(G37='📊 Resultat & Tabell'!L38,2,0)) | J37: =IF(OR(H37="",'📊 Resultat & Tabell'!M38=""),"",IF(H37='📊 Resultat & Tabell'!M38,2,0)) | K37: =IF(AND(I37="",J37=""),"",N(I37)+N(J37)) | L37: Ecuador | M37: {=SUMPRODUCT(--($C$4:$C$75="E"),--($D$4:$D$75=L37),--($F$4:$F$75>$G$4:$G$75),--($F$4:$F$75<>""),--($G$4:$G$75<>""))+SUMPRODUCT(--($C$4:$C$75="E"),--($E$4:$E$75=L37),--($G$4:$G$75>$F$4:$F$75),--($F$4:$F$75<>""),--($G$4:$G$75<>""))} -> 0 | N37: {=SUMPRODUCT(--($C$4:$C$75="E"),--(($D$4:$D$75=L37)+($E$4:$E$75=L37)>0),--($F$4:$F$75=$G$4:$G$75),--($F$4:$F$75<>""),--($G$4:$G$75<>""))} -> 0 | O37: {=SUMPRODUCT(--($C$4:$C$75="E"),--($D$4:$D$75=L37),--($F$4:$F$75<$G$4:$G$75),--($F$4:$F$75<>""),--($G$4:$G$75<>""))+SUMPRODUCT(--($C$4:$C$75="E"),--($E$4:$E$75=L37),--($G$4:$G$75<$F$4:$F$75),--($F$4:$F$75<>""),--($G$4:$G$75<>""))} -> 0 | P37: {=SUMPRODUCT(--($C$4:$C$75="E"),--($D$4:$D$75=L37),$F$4:$F$75,--($F$4:$F$75<>""),--($G$4:$G$75<>""))+SUMPRODUCT(--($C$4:$C$75="E"),--($E$4:$E$75=L37),$G$4:$G$75,--($F$4:$F$75<>""),--($G$4:$G$75<>""))} -> 0 | Q37: {=SUMPRODUCT(--($C$4:$C$75="E"),--($D$4:$D$75=L37),$G$4:$G$75,--($F$4:$F$75<>""),--($G$4:$G$75<>""))+SUMPRODUCT(--($C$4:$C$75="E"),--($E$4:$E$75=L37),$F$4:$F$75,--($F$4:$F$75<>""),--($G$4:$G$75<>""))} -> 0 | R37: =P37-Q37 -> 0 | S37: =M37*3+N37 -> 0 | T37: =S37*100000+R37*1000+P37 -> 0
A38: 35 | B38: Gruppspel | C38: F | D38: Tunisien | E38: Nederländerna | H38: =IF(OR(F38="",G38=""),"",IF(F38>G38,"1",IF(F38<G38,"2","X"))) | I38: =IF(OR(F38="",G38="",'📊 Resultat & Tabell'!K39="",'📊 Resultat & Tabell'!L39=""),"",IF(F38='📊 Resultat & Tabell'!K39,2,0)+IF(G38='📊 Resultat & Tabell'!L39,2,0)) | J38: =IF(OR(H38="",'📊 Resultat & Tabell'!M39=""),"",IF(H38='📊 Resultat & Tabell'!M39,2,0)) | K38: =IF(AND(I38="",J38=""),"",N(I38)+N(J38))
A39: 36 | B39: Gruppspel | C39: F | D39: Japan | E39: Sverige | H39: =IF(OR(F39="",G39=""),"",IF(F39>G39,"1",IF(F39<G39,"2","X"))) | I39: =IF(OR(F39="",G39="",'📊 Resultat & Tabell'!K40="",'📊 Resultat & Tabell'!L40=""),"",IF(F39='📊 Resultat & Tabell'!K40,2,0)+IF(G39='📊 Resultat & Tabell'!L40,2,0)) | J39: =IF(OR(H39="",'📊 Resultat & Tabell'!M40=""),"",IF(H39='📊 Resultat & Tabell'!M40,2,0)) | K39: =IF(AND(I39="",J39=""),"",N(I39)+N(J39)) | L39: Grupp F
A40: 37 | B40: Gruppspel | C40: G | D40: Belgien | E40: Egypten | H40: =IF(OR(F40="",G40=""),"",IF(F40>G40,"1",IF(F40<G40,"2","X"))) | I40: =IF(OR(F40="",G40="",'📊 Resultat & Tabell'!K41="",'📊 Resultat & Tabell'!L41=""),"",IF(F40='📊 Resultat & Tabell'!K41,2,0)+IF(G40='📊 Resultat & Tabell'!L41,2,0)) | J40: =IF(OR(H40="",'📊 Resultat & Tabell'!M41=""),"",IF(H40='📊 Resultat & Tabell'!M41,2,0)) | K40: =IF(AND(I40="",J40=""),"",N(I40)+N(J40)) | L40: Lag | M40: V | N40: O | O40: F | P40: GM | Q40: IM | R40: +/- | S40: P | T40: Rankvärde
A41: 38 | B41: Gruppspel | C41: G | D41: Iran | E41: Nya Zeeland | H41: =IF(OR(F41="",G41=""),"",IF(F41>G41,"1",IF(F41<G41,"2","X"))) | I41: =IF(OR(F41="",G41="",'📊 Resultat & Tabell'!K42="",'📊 Resultat & Tabell'!L42=""),"",IF(F41='📊 Resultat & Tabell'!K42,2,0)+IF(G41='📊 Resultat & Tabell'!L42,2,0)) | J41: =IF(OR(H41="",'📊 Resultat & Tabell'!M42=""),"",IF(H41='📊 Resultat & Tabell'!M42,2,0)) | K41: =IF(AND(I41="",J41=""),"",N(I41)+N(J41)) | L41: Nederländerna | M41: {=SUMPRODUCT(--($C$4:$C$75="F"),--($D$4:$D$75=L41),--($F$4:$F$75>$G$4:$G$75),--($F$4:$F$75<>""),--($G$4:$G$75<>""))+SUMPRODUCT(--($C$4:$C$75="F"),--($E$4:$E$75=L41),--($G$4:$G$75>$F$4:$F$75),--($F$4:$F$75<>""),--($G$4:$G$75<>""))} -> 0 | N41: {=SUMPRODUCT(--($C$4:$C$75="F"),--(($D$4:$D$75=L41)+($E$4:$E$75=L41)>0),--($F$4:$F$75=$G$4:$G$75),--($F$4:$F$75<>""),--($G$4:$G$75<>""))} -> 0 | O41: {=SUMPRODUCT(--($C$4:$C$75="F"),--($D$4:$D$75=L41),--($F$4:$F$75<$G$4:$G$75),--($F$4:$F$75<>""),--($G$4:$G$75<>""))+SUMPRODUCT(--($C$4:$C$75="F"),--($E$4:$E$75=L41),--($G$4:$G$75<$F$4:$F$75),--($F$4:$F$75<>""),--($G$4:$G$75<>""))} -> 0 | P41: {=SUMPRODUCT(--($C$4:$C$75="F"),--($D$4:$D$75=L41),$F$4:$F$75,--($F$4:$F$75<>""),--($G$4:$G$75<>""))+SUMPRODUCT(--($C$4:$C$75="F"),--($E$4:$E$75=L41),$G$4:$G$75,--($F$4:$F$75<>""),--($G$4:$G$75<>""))} -> 0 | Q41: {=SUMPRODUCT(--($C$4:$C$75="F"),--($D$4:$D$75=L41),$G$4:$G$75,--($F$4:$F$75<>""),--($G$4:$G$75<>""))+SUMPRODUCT(--($C$4:$C$75="F"),--($E$4:$E$75=L41),$F$4:$F$75,--($F$4:$F$75<>""),--($G$4:$G$75<>""))} -> 0 | R41: =P41-Q41 -> 0 | S41: =M41*3+N41 -> 0 | T41: =S41*100000+R41*1000+P41 -> 0
A42: 39 | B42: Gruppspel | C42: G | D42: Nya Zeeland | E42: Egypten | H42: =IF(OR(F42="",G42=""),"",IF(F42>G42,"1",IF(F42<G42,"2","X"))) | I42: =IF(OR(F42="",G42="",'📊 Resultat & Tabell'!K43="",'📊 Resultat & Tabell'!L43=""),"",IF(F42='📊 Resultat & Tabell'!K43,2,0)+IF(G42='📊 Resultat & Tabell'!L43,2,0)) | J42: =IF(OR(H42="",'📊 Resultat & Tabell'!M43=""),"",IF(H42='📊 Resultat & Tabell'!M43,2,0)) | K42: =IF(AND(I42="",J42=""),"",N(I42)+N(J42)) | L42: Japan | M42: {=SUMPRODUCT(--($C$4:$C$75="F"),--($D$4:$D$75=L42),--($F$4:$F$75>$G$4:$G$75),--($F$4:$F$75<>""),--($G$4:$G$75<>""))+SUMPRODUCT(--($C$4:$C$75="F"),--($E$4:$E$75=L42),--($G$4:$G$75>$F$4:$F$75),--($F$4:$F$75<>""),--($G$4:$G$75<>""))} -> 0 | N42: {=SUMPRODUCT(--($C$4:$C$75="F"),--(($D$4:$D$75=L42)+($E$4:$E$75=L42)>0),--($F$4:$F$75=$G$4:$G$75),--($F$4:$F$75<>""),--($G$4:$G$75<>""))} -> 0 | O42: {=SUMPRODUCT(--($C$4:$C$75="F"),--($D$4:$D$75=L42),--($F$4:$F$75<$G$4:$G$75),--($F$4:$F$75<>""),--($G$4:$G$75<>""))+SUMPRODUCT(--($C$4:$C$75="F"),--($E$4:$E$75=L42),--($G$4:$G$75<$F$4:$F$75),--($F$4:$F$75<>""),--($G$4:$G$75<>""))} -> 0 | P42: {=SUMPRODUCT(--($C$4:$C$75="F"),--($D$4:$D$75=L42),$F$4:$F$75,--($F$4:$F$75<>""),--($G$4:$G$75<>""))+SUMPRODUCT(--($C$4:$C$75="F"),--($E$4:$E$75=L42),$G$4:$G$75,--($F$4:$F$75<>""),--($G$4:$G$75<>""))} -> 0 | Q42: {=SUMPRODUCT(--($C$4:$C$75="F"),--($D$4:$D$75=L42),$G$4:$G$75,--($F$4:$F$75<>""),--($G$4:$G$75<>""))+SUMPRODUCT(--($C$4:$C$75="F"),--($E$4:$E$75=L42),$F$4:$F$75,--($F$4:$F$75<>""),--($G$4:$G$75<>""))} -> 0 | R42: =P42-Q42 -> 0 | S42: =M42*3+N42 -> 0 | T42: =S42*100000+R42*1000+P42 -> 0
A43: 40 | B43: Gruppspel | C43: G | D43: Belgien | E43: Iran | H43: =IF(OR(F43="",G43=""),"",IF(F43>G43,"1",IF(F43<G43,"2","X"))) | I43: =IF(OR(F43="",G43="",'📊 Resultat & Tabell'!K44="",'📊 Resultat & Tabell'!L44=""),"",IF(F43='📊 Resultat & Tabell'!K44,2,0)+IF(G43='📊 Resultat & Tabell'!L44,2,0)) | J43: =IF(OR(H43="",'📊 Resultat & Tabell'!M44=""),"",IF(H43='📊 Resultat & Tabell'!M44,2,0)) | K43: =IF(AND(I43="",J43=""),"",N(I43)+N(J43)) | L43: Sverige | M43: {=SUMPRODUCT(--($C$4:$C$75="F"),--($D$4:$D$75=L43),--($F$4:$F$75>$G$4:$G$75),--($F$4:$F$75<>""),--($G$4:$G$75<>""))+SUMPRODUCT(--($C$4:$C$75="F"),--($E$4:$E$75=L43),--($G$4:$G$75>$F$4:$F$75),--($F$4:$F$75<>""),--($G$4:$G$75<>""))} -> 0 | N43: {=SUMPRODUCT(--($C$4:$C$75="F"),--(($D$4:$D$75=L43)+($E$4:$E$75=L43)>0),--($F$4:$F$75=$G$4:$G$75),--($F$4:$F$75<>""),--($G$4:$G$75<>""))} -> 0 | O43: {=SUMPRODUCT(--($C$4:$C$75="F"),--($D$4:$D$75=L43),--($F$4:$F$75<$G$4:$G$75),--($F$4:$F$75<>""),--($G$4:$G$75<>""))+SUMPRODUCT(--($C$4:$C$75="F"),--($E$4:$E$75=L43),--($G$4:$G$75<$F$4:$F$75),--($F$4:$F$75<>""),--($G$4:$G$75<>""))} -> 0 | P43: {=SUMPRODUCT(--($C$4:$C$75="F"),--($D$4:$D$75=L43),$F$4:$F$75,--($F$4:$F$75<>""),--($G$4:$G$75<>""))+SUMPRODUCT(--($C$4:$C$75="F"),--($E$4:$E$75=L43),$G$4:$G$75,--($F$4:$F$75<>""),--($G$4:$G$75<>""))} -> 0 | Q43: {=SUMPRODUCT(--($C$4:$C$75="F"),--($D$4:$D$75=L43),$G$4:$G$75,--($F$4:$F$75<>""),--($G$4:$G$75<>""))+SUMPRODUCT(--($C$4:$C$75="F"),--($E$4:$E$75=L43),$F$4:$F$75,--($F$4:$F$75<>""),--($G$4:$G$75<>""))} -> 0 | R43: =P43-Q43 -> 0 | S43: =M43*3+N43 -> 0 | T43: =S43*100000+R43*1000+P43 -> 0
A44: 41 | B44: Gruppspel | C44: G | D44: Nya Zeeland | E44: Belgien | H44: =IF(OR(F44="",G44=""),"",IF(F44>G44,"1",IF(F44<G44,"2","X"))) | I44: =IF(OR(F44="",G44="",'📊 Resultat & Tabell'!K45="",'📊 Resultat & Tabell'!L45=""),"",IF(F44='📊 Resultat & Tabell'!K45,2,0)+IF(G44='📊 Resultat & Tabell'!L45,2,0)) | J44: =IF(OR(H44="",'📊 Resultat & Tabell'!M45=""),"",IF(H44='📊 Resultat & Tabell'!M45,2,0)) | K44: =IF(AND(I44="",J44=""),"",N(I44)+N(J44)) | L44: Tunisien | M44: {=SUMPRODUCT(--($C$4:$C$75="F"),--($D$4:$D$75=L44),--($F$4:$F$75>$G$4:$G$75),--($F$4:$F$75<>""),--($G$4:$G$75<>""))+SUMPRODUCT(--($C$4:$C$75="F"),--($E$4:$E$75=L44),--($G$4:$G$75>$F$4:$F$75),--($F$4:$F$75<>""),--($G$4:$G$75<>""))} -> 0 | N44: {=SUMPRODUCT(--($C$4:$C$75="F"),--(($D$4:$D$75=L44)+($E$4:$E$75=L44)>0),--($F$4:$F$75=$G$4:$G$75),--($F$4:$F$75<>""),--($G$4:$G$75<>""))} -> 0 | O44: {=SUMPRODUCT(--($C$4:$C$75="F"),--($D$4:$D$75=L44),--($F$4:$F$75<$G$4:$G$75),--($F$4:$F$75<>""),--($G$4:$G$75<>""))+SUMPRODUCT(--($C$4:$C$75="F"),--($E$4:$E$75=L44),--($G$4:$G$75<$F$4:$F$75),--($F$4:$F$75<>""),--($G$4:$G$75<>""))} -> 0 | P44: {=SUMPRODUCT(--($C$4:$C$75="F"),--($D$4:$D$75=L44),$F$4:$F$75,--($F$4:$F$75<>""),--($G$4:$G$75<>""))+SUMPRODUCT(--($C$4:$C$75="F"),--($E$4:$E$75=L44),$G$4:$G$75,--($F$4:$F$75<>""),--($G$4:$G$75<>""))} -> 0 | Q44: {=SUMPRODUCT(--($C$4:$C$75="F"),--($D$4:$D$75=L44),$G$4:$G$75,--($F$4:$F$75<>""),--($G$4:$G$75<>""))+SUMPRODUCT(--($C$4:$C$75="F"),--($E$4:$E$75=L44),$F$4:$F$75,--($F$4:$F$75<>""),--($G$4:$G$75<>""))} -> 0 | R44: =P44-Q44 -> 0 | S44: =M44*3+N44 -> 0 | T44: =S44*100000+R44*1000+P44 -> 0
A45: 42 | B45: Gruppspel | C45: G | D45: Egypten | E45: Iran | H45: =IF(OR(F45="",G45=""),"",IF(F45>G45,"1",IF(F45<G45,"2","X"))) | I45: =IF(OR(F45="",G45="",'📊 Resultat & Tabell'!K46="",'📊 Resultat & Tabell'!L46=""),"",IF(F45='📊 Resultat & Tabell'!K46,2,0)+IF(G45='📊 Resultat & Tabell'!L46,2,0)) | J45: =IF(OR(H45="",'📊 Resultat & Tabell'!M46=""),"",IF(H45='📊 Resultat & Tabell'!M46,2,0)) | K45: =IF(AND(I45="",J45=""),"",N(I45)+N(J45))
A46: 43 | B46: Gruppspel | C46: H | D46: Spanien | E46: Kap Verde | H46: =IF(OR(F46="",G46=""),"",IF(F46>G46,"1",IF(F46<G46,"2","X"))) | I46: =IF(OR(F46="",G46="",'📊 Resultat & Tabell'!K47="",'📊 Resultat & Tabell'!L47=""),"",IF(F46='📊 Resultat & Tabell'!K47,2,0)+IF(G46='📊 Resultat & Tabell'!L47,2,0)) | J46: =IF(OR(H46="",'📊 Resultat & Tabell'!M47=""),"",IF(H46='📊 Resultat & Tabell'!M47,2,0)) | K46: =IF(AND(I46="",J46=""),"",N(I46)+N(J46)) | L46: Grupp G
A47: 44 | B47: Gruppspel | C47: H | D47: Saudiarabien | E47: Uruguay | H47: =IF(OR(F47="",G47=""),"",IF(F47>G47,"1",IF(F47<G47,"2","X"))) | I47: =IF(OR(F47="",G47="",'📊 Resultat & Tabell'!K48="",'📊 Resultat & Tabell'!L48=""),"",IF(F47='📊 Resultat & Tabell'!K48,2,0)+IF(G47='📊 Resultat & Tabell'!L48,2,0)) | J47: =IF(OR(H47="",'📊 Resultat & Tabell'!M48=""),"",IF(H47='📊 Resultat & Tabell'!M48,2,0)) | K47: =IF(AND(I47="",J47=""),"",N(I47)+N(J47)) | L47: Lag | M47: V | N47: O | O47: F | P47: GM | Q47: IM | R47: +/- | S47: P | T47: Rankvärde
A48: 45 | B48: Gruppspel | C48: H | D48: Uruguay | E48: Kap Verde | H48: =IF(OR(F48="",G48=""),"",IF(F48>G48,"1",IF(F48<G48,"2","X"))) | I48: =IF(OR(F48="",G48="",'📊 Resultat & Tabell'!K49="",'📊 Resultat & Tabell'!L49=""),"",IF(F48='📊 Resultat & Tabell'!K49,2,0)+IF(G48='📊 Resultat & Tabell'!L49,2,0)) | J48: =IF(OR(H48="",'📊 Resultat & Tabell'!M49=""),"",IF(H48='📊 Resultat & Tabell'!M49,2,0)) | K48: =IF(AND(I48="",J48=""),"",N(I48)+N(J48)) | L48: Belgien | M48: {=SUMPRODUCT(--($C$4:$C$75="G"),--($D$4:$D$75=L48),--($F$4:$F$75>$G$4:$G$75),--($F$4:$F$75<>""),--($G$4:$G$75<>""))+SUMPRODUCT(--($C$4:$C$75="G"),--($E$4:$E$75=L48),--($G$4:$G$75>$F$4:$F$75),--($F$4:$F$75<>""),--($G$4:$G$75<>""))} -> 0 | N48: {=SUMPRODUCT(--($C$4:$C$75="G"),--(($D$4:$D$75=L48)+($E$4:$E$75=L48)>0),--($F$4:$F$75=$G$4:$G$75),--($F$4:$F$75<>""),--($G$4:$G$75<>""))} -> 0 | O48: {=SUMPRODUCT(--($C$4:$C$75="G"),--($D$4:$D$75=L48),--($F$4:$F$75<$G$4:$G$75),--($F$4:$F$75<>""),--($G$4:$G$75<>""))+SUMPRODUCT(--($C$4:$C$75="G"),--($E$4:$E$75=L48),--($G$4:$G$75<$F$4:$F$75),--($F$4:$F$75<>""),--($G$4:$G$75<>""))} -> 0 | P48: {=SUMPRODUCT(--($C$4:$C$75="G"),--($D$4:$D$75=L48),$F$4:$F$75,--($F$4:$F$75<>""),--($G$4:$G$75<>""))+SUMPRODUCT(--($C$4:$C$75="G"),--($E$4:$E$75=L48),$G$4:$G$75,--($F$4:$F$75<>""),--($G$4:$G$75<>""))} -> 0 | Q48: {=SUMPRODUCT(--($C$4:$C$75="G"),--($D$4:$D$75=L48),$G$4:$G$75,--($F$4:$F$75<>""),--($G$4:$G$75<>""))+SUMPRODUCT(--($C$4:$C$75="G"),--($E$4:$E$75=L48),$F$4:$F$75,--($F$4:$F$75<>""),--($G$4:$G$75<>""))} -> 0 | R48: =P48-Q48 -> 0 | S48: =M48*3+N48 -> 0 | T48: =S48*100000+R48*1000+P48 -> 0
A49: 46 | B49: Gruppspel | C49: H | D49: Spanien | E49: Saudiarabien | H49: =IF(OR(F49="",G49=""),"",IF(F49>G49,"1",IF(F49<G49,"2","X"))) | I49: =IF(OR(F49="",G49="",'📊 Resultat & Tabell'!K50="",'📊 Resultat & Tabell'!L50=""),"",IF(F49='📊 Resultat & Tabell'!K50,2,0)+IF(G49='📊 Resultat & Tabell'!L50,2,0)) | J49: =IF(OR(H49="",'📊 Resultat & Tabell'!M50=""),"",IF(H49='📊 Resultat & Tabell'!M50,2,0)) | K49: =IF(AND(I49="",J49=""),"",N(I49)+N(J49)) | L49: Egypten | M49: {=SUMPRODUCT(--($C$4:$C$75="G"),--($D$4:$D$75=L49),--($F$4:$F$75>$G$4:$G$75),--($F$4:$F$75<>""),--($G$4:$G$75<>""))+SUMPRODUCT(--($C$4:$C$75="G"),--($E$4:$E$75=L49),--($G$4:$G$75>$F$4:$F$75),--($F$4:$F$75<>""),--($G$4:$G$75<>""))} -> 0 | N49: {=SUMPRODUCT(--($C$4:$C$75="G"),--(($D$4:$D$75=L49)+($E$4:$E$75=L49)>0),--($F$4:$F$75=$G$4:$G$75),--($F$4:$F$75<>""),--($G$4:$G$75<>""))} -> 0 | O49: {=SUMPRODUCT(--($C$4:$C$75="G"),--($D$4:$D$75=L49),--($F$4:$F$75<$G$4:$G$75),--($F$4:$F$75<>""),--($G$4:$G$75<>""))+SUMPRODUCT(--($C$4:$C$75="G"),--($E$4:$E$75=L49),--($G$4:$G$75<$F$4:$F$75),--($F$4:$F$75<>""),--($G$4:$G$75<>""))} -> 0 | P49: {=SUMPRODUCT(--($C$4:$C$75="G"),--($D$4:$D$75=L49),$F$4:$F$75,--($F$4:$F$75<>""),--($G$4:$G$75<>""))+SUMPRODUCT(--($C$4:$C$75="G"),--($E$4:$E$75=L49),$G$4:$G$75,--($F$4:$F$75<>""),--($G$4:$G$75<>""))} -> 0 | Q49: {=SUMPRODUCT(--($C$4:$C$75="G"),--($D$4:$D$75=L49),$G$4:$G$75,--($F$4:$F$75<>""),--($G$4:$G$75<>""))+SUMPRODUCT(--($C$4:$C$75="G"),--($E$4:$E$75=L49),$F$4:$F$75,--($F$4:$F$75<>""),--($G$4:$G$75<>""))} -> 0 | R49: =P49-Q49 -> 0 | S49: =M49*3+N49 -> 0 | T49: =S49*100000+R49*1000+P49 -> 0
A50: 47 | B50: Gruppspel | C50: H | D50: Uruguay | E50: Spanien | H50: =IF(OR(F50="",G50=""),"",IF(F50>G50,"1",IF(F50<G50,"2","X"))) | I50: =IF(OR(F50="",G50="",'📊 Resultat & Tabell'!K51="",'📊 Resultat & Tabell'!L51=""),"",IF(F50='📊 Resultat & Tabell'!K51,2,0)+IF(G50='📊 Resultat & Tabell'!L51,2,0)) | J50: =IF(OR(H50="",'📊 Resultat & Tabell'!M51=""),"",IF(H50='📊 Resultat & Tabell'!M51,2,0)) | K50: =IF(AND(I50="",J50=""),"",N(I50)+N(J50)) | L50: Iran | M50: {=SUMPRODUCT(--($C$4:$C$75="G"),--($D$4:$D$75=L50),--($F$4:$F$75>$G$4:$G$75),--($F$4:$F$75<>""),--($G$4:$G$75<>""))+SUMPRODUCT(--($C$4:$C$75="G"),--($E$4:$E$75=L50),--($G$4:$G$75>$F$4:$F$75),--($F$4:$F$75<>""),--($G$4:$G$75<>""))} -> 0 | N50: {=SUMPRODUCT(--($C$4:$C$75="G"),--(($D$4:$D$75=L50)+($E$4:$E$75=L50)>0),--($F$4:$F$75=$G$4:$G$75),--($F$4:$F$75<>""),--($G$4:$G$75<>""))} -> 0 | O50: {=SUMPRODUCT(--($C$4:$C$75="G"),--($D$4:$D$75=L50),--($F$4:$F$75<$G$4:$G$75),--($F$4:$F$75<>""),--($G$4:$G$75<>""))+SUMPRODUCT(--($C$4:$C$75="G"),--($E$4:$E$75=L50),--($G$4:$G$75<$F$4:$F$75),--($F$4:$F$75<>""),--($G$4:$G$75<>""))} -> 0 | P50: {=SUMPRODUCT(--($C$4:$C$75="G"),--($D$4:$D$75=L50),$F$4:$F$75,--($F$4:$F$75<>""),--($G$4:$G$75<>""))+SUMPRODUCT(--($C$4:$C$75="G"),--($E$4:$E$75=L50),$G$4:$G$75,--($F$4:$F$75<>""),--($G$4:$G$75<>""))} -> 0 | Q50: {=SUMPRODUCT(--($C$4:$C$75="G"),--($D$4:$D$75=L50),$G$4:$G$75,--($F$4:$F$75<>""),--($G$4:$G$75<>""))+SUMPRODUCT(--($C$4:$C$75="G"),--($E$4:$E$75=L50),$F$4:$F$75,--($F$4:$F$75<>""),--($G$4:$G$75<>""))} -> 0 | R50: =P50-Q50 -> 0 | S50: =M50*3+N50 -> 0 | T50: =S50*100000+R50*1000+P50 -> 0
A51: 48 | B51: Gruppspel | C51: H | D51: Kap Verde | E51: Saudiarabien | H51: =IF(OR(F51="",G51=""),"",IF(F51>G51,"1",IF(F51<G51,"2","X"))) | I51: =IF(OR(F51="",G51="",'📊 Resultat & Tabell'!K52="",'📊 Resultat & Tabell'!L52=""),"",IF(F51='📊 Resultat & Tabell'!K52,2,0)+IF(G51='📊 Resultat & Tabell'!L52,2,0)) | J51: =IF(OR(H51="",'📊 Resultat & Tabell'!M52=""),"",IF(H51='📊 Resultat & Tabell'!M52,2,0)) | K51: =IF(AND(I51="",J51=""),"",N(I51)+N(J51)) | L51: Nya Zeeland | M51: {=SUMPRODUCT(--($C$4:$C$75="G"),--($D$4:$D$75=L51),--($F$4:$F$75>$G$4:$G$75),--($F$4:$F$75<>""),--($G$4:$G$75<>""))+SUMPRODUCT(--($C$4:$C$75="G"),--($E$4:$E$75=L51),--($G$4:$G$75>$F$4:$F$75),--($F$4:$F$75<>""),--($G$4:$G$75<>""))} -> 0 | N51: {=SUMPRODUCT(--($C$4:$C$75="G"),--(($D$4:$D$75=L51)+($E$4:$E$75=L51)>0),--($F$4:$F$75=$G$4:$G$75),--($F$4:$F$75<>""),--($G$4:$G$75<>""))} -> 0 | O51: {=SUMPRODUCT(--($C$4:$C$75="G"),--($D$4:$D$75=L51),--($F$4:$F$75<$G$4:$G$75),--($F$4:$F$75<>""),--($G$4:$G$75<>""))+SUMPRODUCT(--($C$4:$C$75="G"),--($E$4:$E$75=L51),--($G$4:$G$75<$F$4:$F$75),--($F$4:$F$75<>""),--($G$4:$G$75<>""))} -> 0 | P51: {=SUMPRODUCT(--($C$4:$C$75="G"),--($D$4:$D$75=L51),$F$4:$F$75,--($F$4:$F$75<>""),--($G$4:$G$75<>""))+SUMPRODUCT(--($C$4:$C$75="G"),--($E$4:$E$75=L51),$G$4:$G$75,--($F$4:$F$75<>""),--($G$4:$G$75<>""))} -> 0 | Q51: {=SUMPRODUCT(--($C$4:$C$75="G"),--($D$4:$D$75=L51),$G$4:$G$75,--($F$4:$F$75<>""),--($G$4:$G$75<>""))+SUMPRODUCT(--($C$4:$C$75="G"),--($E$4:$E$75=L51),$F$4:$F$75,--($F$4:$F$75<>""),--($G$4:$G$75<>""))} -> 0 | R51: =P51-Q51 -> 0 | S51: =M51*3+N51 -> 0 | T51: =S51*100000+R51*1000+P51 -> 0
A52: 49 | B52: Gruppspel | C52: I | D52: Frankrike | E52: Senegal | H52: =IF(OR(F52="",G52=""),"",IF(F52>G52,"1",IF(F52<G52,"2","X"))) | I52: =IF(OR(F52="",G52="",'📊 Resultat & Tabell'!K53="",'📊 Resultat & Tabell'!L53=""),"",IF(F52='📊 Resultat & Tabell'!K53,2,0)+IF(G52='📊 Resultat & Tabell'!L53,2,0)) | J52: =IF(OR(H52="",'📊 Resultat & Tabell'!M53=""),"",IF(H52='📊 Resultat & Tabell'!M53,2,0)) | K52: =IF(AND(I52="",J52=""),"",N(I52)+N(J52))
A53: 50 | B53: Gruppspel | C53: I | D53: Irak | E53: Norge | H53: =IF(OR(F53="",G53=""),"",IF(F53>G53,"1",IF(F53<G53,"2","X"))) | I53: =IF(OR(F53="",G53="",'📊 Resultat & Tabell'!K54="",'📊 Resultat & Tabell'!L54=""),"",IF(F53='📊 Resultat & Tabell'!K54,2,0)+IF(G53='📊 Resultat & Tabell'!L54,2,0)) | J53: =IF(OR(H53="",'📊 Resultat & Tabell'!M54=""),"",IF(H53='📊 Resultat & Tabell'!M54,2,0)) | K53: =IF(AND(I53="",J53=""),"",N(I53)+N(J53)) | L53: Grupp H
A54: 51 | B54: Gruppspel | C54: I | D54: Norge | E54: Senegal | H54: =IF(OR(F54="",G54=""),"",IF(F54>G54,"1",IF(F54<G54,"2","X"))) | I54: =IF(OR(F54="",G54="",'📊 Resultat & Tabell'!K55="",'📊 Resultat & Tabell'!L55=""),"",IF(F54='📊 Resultat & Tabell'!K55,2,0)+IF(G54='📊 Resultat & Tabell'!L55,2,0)) | J54: =IF(OR(H54="",'📊 Resultat & Tabell'!M55=""),"",IF(H54='📊 Resultat & Tabell'!M55,2,0)) | K54: =IF(AND(I54="",J54=""),"",N(I54)+N(J54)) | L54: Lag | M54: V | N54: O | O54: F | P54: GM | Q54: IM | R54: +/- | S54: P | T54: Rankvärde
A55: 52 | B55: Gruppspel | C55: I | D55: Frankrike | E55: Irak | H55: =IF(OR(F55="",G55=""),"",IF(F55>G55,"1",IF(F55<G55,"2","X"))) | I55: =IF(OR(F55="",G55="",'📊 Resultat & Tabell'!K56="",'📊 Resultat & Tabell'!L56=""),"",IF(F55='📊 Resultat & Tabell'!K56,2,0)+IF(G55='📊 Resultat & Tabell'!L56,2,0)) | J55: =IF(OR(H55="",'📊 Resultat & Tabell'!M56=""),"",IF(H55='📊 Resultat & Tabell'!M56,2,0)) | K55: =IF(AND(I55="",J55=""),"",N(I55)+N(J55)) | L55: Spanien | M55: {=SUMPRODUCT(--($C$4:$C$75="H"),--($D$4:$D$75=L55),--($F$4:$F$75>$G$4:$G$75),--($F$4:$F$75<>""),--($G$4:$G$75<>""))+SUMPRODUCT(--($C$4:$C$75="H"),--($E$4:$E$75=L55),--($G$4:$G$75>$F$4:$F$75),--($F$4:$F$75<>""),--($G$4:$G$75<>""))} -> 0 | N55: {=SUMPRODUCT(--($C$4:$C$75="H"),--(($D$4:$D$75=L55)+($E$4:$E$75=L55)>0),--($F$4:$F$75=$G$4:$G$75),--($F$4:$F$75<>""),--($G$4:$G$75<>""))} -> 0 | O55: {=SUMPRODUCT(--($C$4:$C$75="H"),--($D$4:$D$75=L55),--($F$4:$F$75<$G$4:$G$75),--($F$4:$F$75<>""),--($G$4:$G$75<>""))+SUMPRODUCT(--($C$4:$C$75="H"),--($E$4:$E$75=L55),--($G$4:$G$75<$F$4:$F$75),--($F$4:$F$75<>""),--($G$4:$G$75<>""))} -> 0 | P55: {=SUMPRODUCT(--($C$4:$C$75="H"),--($D$4:$D$75=L55),$F$4:$F$75,--($F$4:$F$75<>""),--($G$4:$G$75<>""))+SUMPRODUCT(--($C$4:$C$75="H"),--($E$4:$E$75=L55),$G$4:$G$75,--($F$4:$F$75<>""),--($G$4:$G$75<>""))} -> 0 | Q55: {=SUMPRODUCT(--($C$4:$C$75="H"),--($D$4:$D$75=L55),$G$4:$G$75,--($F$4:$F$75<>""),--($G$4:$G$75<>""))+SUMPRODUCT(--($C$4:$C$75="H"),--($E$4:$E$75=L55),$F$4:$F$75,--($F$4:$F$75<>""),--($G$4:$G$75<>""))} -> 0 | R55: =P55-Q55 -> 0 | S55: =M55*3+N55 -> 0 | T55: =S55*100000+R55*1000+P55 -> 0
A56: 53 | B56: Gruppspel | C56: I | D56: Norge | E56: Frankrike | H56: =IF(OR(F56="",G56=""),"",IF(F56>G56,"1",IF(F56<G56,"2","X"))) | I56: =IF(OR(F56="",G56="",'📊 Resultat & Tabell'!K57="",'📊 Resultat & Tabell'!L57=""),"",IF(F56='📊 Resultat & Tabell'!K57,2,0)+IF(G56='📊 Resultat & Tabell'!L57,2,0)) | J56: =IF(OR(H56="",'📊 Resultat & Tabell'!M57=""),"",IF(H56='📊 Resultat & Tabell'!M57,2,0)) | K56: =IF(AND(I56="",J56=""),"",N(I56)+N(J56)) | L56: Kap Verde | M56: {=SUMPRODUCT(--($C$4:$C$75="H"),--($D$4:$D$75=L56),--($F$4:$F$75>$G$4:$G$75),--($F$4:$F$75<>""),--($G$4:$G$75<>""))+SUMPRODUCT(--($C$4:$C$75="H"),--($E$4:$E$75=L56),--($G$4:$G$75>$F$4:$F$75),--($F$4:$F$75<>""),--($G$4:$G$75<>""))} -> 0 | N56: {=SUMPRODUCT(--($C$4:$C$75="H"),--(($D$4:$D$75=L56)+($E$4:$E$75=L56)>0),--($F$4:$F$75=$G$4:$G$75),--($F$4:$F$75<>""),--($G$4:$G$75<>""))} -> 0 | O56: {=SUMPRODUCT(--($C$4:$C$75="H"),--($D$4:$D$75=L56),--($F$4:$F$75<$G$4:$G$75),--($F$4:$F$75<>""),--($G$4:$G$75<>""))+SUMPRODUCT(--($C$4:$C$75="H"),--($E$4:$E$75=L56),--($G$4:$G$75<$F$4:$F$75),--($F$4:$F$75<>""),--($G$4:$G$75<>""))} -> 0 | P56: {=SUMPRODUCT(--($C$4:$C$75="H"),--($D$4:$D$75=L56),$F$4:$F$75,--($F$4:$F$75<>""),--($G$4:$G$75<>""))+SUMPRODUCT(--($C$4:$C$75="H"),--($E$4:$E$75=L56),$G$4:$G$75,--($F$4:$F$75<>""),--($G$4:$G$75<>""))} -> 0 | Q56: {=SUMPRODUCT(--($C$4:$C$75="H"),--($D$4:$D$75=L56),$G$4:$G$75,--($F$4:$F$75<>""),--($G$4:$G$75<>""))+SUMPRODUCT(--($C$4:$C$75="H"),--($E$4:$E$75=L56),$F$4:$F$75,--($F$4:$F$75<>""),--($G$4:$G$75<>""))} -> 0 | R56: =P56-Q56 -> 0 | S56: =M56*3+N56 -> 0 | T56: =S56*100000+R56*1000+P56 -> 0
A57: 54 | B57: Gruppspel | C57: I | D57: Senegal | E57: Irak | H57: =IF(OR(F57="",G57=""),"",IF(F57>G57,"1",IF(F57<G57,"2","X"))) | I57: =IF(OR(F57="",G57="",'📊 Resultat & Tabell'!K58="",'📊 Resultat & Tabell'!L58=""),"",IF(F57='📊 Resultat & Tabell'!K58,2,0)+IF(G57='📊 Resultat & Tabell'!L58,2,0)) | J57: =IF(OR(H57="",'📊 Resultat & Tabell'!M58=""),"",IF(H57='📊 Resultat & Tabell'!M58,2,0)) | K57: =IF(AND(I57="",J57=""),"",N(I57)+N(J57)) | L57: Saudiarabien | M57: {=SUMPRODUCT(--($C$4:$C$75="H"),--($D$4:$D$75=L57),--($F$4:$F$75>$G$4:$G$75),--($F$4:$F$75<>""),--($G$4:$G$75<>""))+SUMPRODUCT(--($C$4:$C$75="H"),--($E$4:$E$75=L57),--($G$4:$G$75>$F$4:$F$75),--($F$4:$F$75<>""),--($G$4:$G$75<>""))} -> 0 | N57: {=SUMPRODUCT(--($C$4:$C$75="H"),--(($D$4:$D$75=L57)+($E$4:$E$75=L57)>0),--($F$4:$F$75=$G$4:$G$75),--($F$4:$F$75<>""),--($G$4:$G$75<>""))} -> 0 | O57: {=SUMPRODUCT(--($C$4:$C$75="H"),--($D$4:$D$75=L57),--($F$4:$F$75<$G$4:$G$75),--($F$4:$F$75<>""),--($G$4:$G$75<>""))+SUMPRODUCT(--($C$4:$C$75="H"),--($E$4:$E$75=L57),--($G$4:$G$75<$F$4:$F$75),--($F$4:$F$75<>""),--($G$4:$G$75<>""))} -> 0 | P57: {=SUMPRODUCT(--($C$4:$C$75="H"),--($D$4:$D$75=L57),$F$4:$F$75,--($F$4:$F$75<>""),--($G$4:$G$75<>""))+SUMPRODUCT(--($C$4:$C$75="H"),--($E$4:$E$75=L57),$G$4:$G$75,--($F$4:$F$75<>""),--($G$4:$G$75<>""))} -> 0 | Q57: {=SUMPRODUCT(--($C$4:$C$75="H"),--($D$4:$D$75=L57),$G$4:$G$75,--($F$4:$F$75<>""),--($G$4:$G$75<>""))+SUMPRODUCT(--($C$4:$C$75="H"),--($E$4:$E$75=L57),$F$4:$F$75,--($F$4:$F$75<>""),--($G$4:$G$75<>""))} -> 0 | R57: =P57-Q57 -> 0 | S57: =M57*3+N57 -> 0 | T57: =S57*100000+R57*1000+P57 -> 0
A58: 55 | B58: Gruppspel | C58: J | D58: Argentina | E58: Algeriet | H58: =IF(OR(F58="",G58=""),"",IF(F58>G58,"1",IF(F58<G58,"2","X"))) | I58: =IF(OR(F58="",G58="",'📊 Resultat & Tabell'!K59="",'📊 Resultat & Tabell'!L59=""),"",IF(F58='📊 Resultat & Tabell'!K59,2,0)+IF(G58='📊 Resultat & Tabell'!L59,2,0)) | J58: =IF(OR(H58="",'📊 Resultat & Tabell'!M59=""),"",IF(H58='📊 Resultat & Tabell'!M59,2,0)) | K58: =IF(AND(I58="",J58=""),"",N(I58)+N(J58)) | L58: Uruguay | M58: {=SUMPRODUCT(--($C$4:$C$75="H"),--($D$4:$D$75=L58),--($F$4:$F$75>$G$4:$G$75),--($F$4:$F$75<>""),--($G$4:$G$75<>""))+SUMPRODUCT(--($C$4:$C$75="H"),--($E$4:$E$75=L58),--($G$4:$G$75>$F$4:$F$75),--($F$4:$F$75<>""),--($G$4:$G$75<>""))} -> 0 | N58: {=SUMPRODUCT(--($C$4:$C$75="H"),--(($D$4:$D$75=L58)+($E$4:$E$75=L58)>0),--($F$4:$F$75=$G$4:$G$75),--($F$4:$F$75<>""),--($G$4:$G$75<>""))} -> 0 | O58: {=SUMPRODUCT(--($C$4:$C$75="H"),--($D$4:$D$75=L58),--($F$4:$F$75<$G$4:$G$75),--($F$4:$F$75<>""),--($G$4:$G$75<>""))+SUMPRODUCT(--($C$4:$C$75="H"),--($E$4:$E$75=L58),--($G$4:$G$75<$F$4:$F$75),--($F$4:$F$75<>""),--($G$4:$G$75<>""))} -> 0 | P58: {=SUMPRODUCT(--($C$4:$C$75="H"),--($D$4:$D$75=L58),$F$4:$F$75,--($F$4:$F$75<>""),--($G$4:$G$75<>""))+SUMPRODUCT(--($C$4:$C$75="H"),--($E$4:$E$75=L58),$G$4:$G$75,--($F$4:$F$75<>""),--($G$4:$G$75<>""))} -> 0 | Q58: {=SUMPRODUCT(--($C$4:$C$75="H"),--($D$4:$D$75=L58),$G$4:$G$75,--($F$4:$F$75<>""),--($G$4:$G$75<>""))+SUMPRODUCT(--($C$4:$C$75="H"),--($E$4:$E$75=L58),$F$4:$F$75,--($F$4:$F$75<>""),--($G$4:$G$75<>""))} -> 0 | R58: =P58-Q58 -> 0 | S58: =M58*3+N58 -> 0 | T58: =S58*100000+R58*1000+P58 -> 0
A59: 56 | B59: Gruppspel | C59: J | D59: Österrike | E59: Jordanien | H59: =IF(OR(F59="",G59=""),"",IF(F59>G59,"1",IF(F59<G59,"2","X"))) | I59: =IF(OR(F59="",G59="",'📊 Resultat & Tabell'!K60="",'📊 Resultat & Tabell'!L60=""),"",IF(F59='📊 Resultat & Tabell'!K60,2,0)+IF(G59='📊 Resultat & Tabell'!L60,2,0)) | J59: =IF(OR(H59="",'📊 Resultat & Tabell'!M60=""),"",IF(H59='📊 Resultat & Tabell'!M60,2,0)) | K59: =IF(AND(I59="",J59=""),"",N(I59)+N(J59))
A60: 57 | B60: Gruppspel | C60: J | D60: Jordanien | E60: Algeriet | H60: =IF(OR(F60="",G60=""),"",IF(F60>G60,"1",IF(F60<G60,"2","X"))) | I60: =IF(OR(F60="",G60="",'📊 Resultat & Tabell'!K61="",'📊 Resultat & Tabell'!L61=""),"",IF(F60='📊 Resultat & Tabell'!K61,2,0)+IF(G60='📊 Resultat & Tabell'!L61,2,0)) | J60: =IF(OR(H60="",'📊 Resultat & Tabell'!M61=""),"",IF(H60='📊 Resultat & Tabell'!M61,2,0)) | K60: =IF(AND(I60="",J60=""),"",N(I60)+N(J60)) | L60: Grupp I
A61: 58 | B61: Gruppspel | C61: J | D61: Argentina | E61: Österrike | H61: =IF(OR(F61="",G61=""),"",IF(F61>G61,"1",IF(F61<G61,"2","X"))) | I61: =IF(OR(F61="",G61="",'📊 Resultat & Tabell'!K62="",'📊 Resultat & Tabell'!L62=""),"",IF(F61='📊 Resultat & Tabell'!K62,2,0)+IF(G61='📊 Resultat & Tabell'!L62,2,0)) | J61: =IF(OR(H61="",'📊 Resultat & Tabell'!M62=""),"",IF(H61='📊 Resultat & Tabell'!M62,2,0)) | K61: =IF(AND(I61="",J61=""),"",N(I61)+N(J61)) | L61: Lag | M61: V | N61: O | O61: F | P61: GM | Q61: IM | R61: +/- | S61: P | T61: Rankvärde
A62: 59 | B62: Gruppspel | C62: J | D62: Jordanien | E62: Argentina | H62: =IF(OR(F62="",G62=""),"",IF(F62>G62,"1",IF(F62<G62,"2","X"))) | I62: =IF(OR(F62="",G62="",'📊 Resultat & Tabell'!K63="",'📊 Resultat & Tabell'!L63=""),"",IF(F62='📊 Resultat & Tabell'!K63,2,0)+IF(G62='📊 Resultat & Tabell'!L63,2,0)) | J62: =IF(OR(H62="",'📊 Resultat & Tabell'!M63=""),"",IF(H62='📊 Resultat & Tabell'!M63,2,0)) | K62: =IF(AND(I62="",J62=""),"",N(I62)+N(J62)) | L62: Frankrike | M62: {=SUMPRODUCT(--($C$4:$C$75="I"),--($D$4:$D$75=L62),--($F$4:$F$75>$G$4:$G$75),--($F$4:$F$75<>""),--($G$4:$G$75<>""))+SUMPRODUCT(--($C$4:$C$75="I"),--($E$4:$E$75=L62),--($G$4:$G$75>$F$4:$F$75),--($F$4:$F$75<>""),--($G$4:$G$75<>""))} -> 0 | N62: {=SUMPRODUCT(--($C$4:$C$75="I"),--(($D$4:$D$75=L62)+($E$4:$E$75=L62)>0),--($F$4:$F$75=$G$4:$G$75),--($F$4:$F$75<>""),--($G$4:$G$75<>""))} -> 0 | O62: {=SUMPRODUCT(--($C$4:$C$75="I"),--($D$4:$D$75=L62),--($F$4:$F$75<$G$4:$G$75),--($F$4:$F$75<>""),--($G$4:$G$75<>""))+SUMPRODUCT(--($C$4:$C$75="i"),--($E$4:$E$75=L62),--($G$4:$G$75<$F$4:$F$75),--($F$4:$F$75<>""),--($G$4:$G$75<>""))} -> 0 | P62: {=SUMPRODUCT(--($C$4:$C$75="I"),--($D$4:$D$75=L62),$F$4:$F$75,--($F$4:$F$75<>""),--($G$4:$G$75<>""))+SUMPRODUCT(--($C$4:$C$75="I"),--($E$4:$E$75=L62),$G$4:$G$75,--($F$4:$F$75<>""),--($G$4:$G$75<>""))} -> 0 | Q62: {=SUMPRODUCT(--($C$4:$C$75="I"),--($D$4:$D$75=L62),$G$4:$G$75,--($F$4:$F$75<>""),--($G$4:$G$75<>""))+SUMPRODUCT(--($C$4:$C$75="I"),--($E$4:$E$75=L62),$F$4:$F$75,--($F$4:$F$75<>""),--($G$4:$G$75<>""))} -> 0 | R62: =P62-Q62 -> 0 | S62: =M62*3+N62 -> 0 | T62: =S62*100000+R62*1000+P62 -> 0
A63: 60 | B63: Gruppspel | C63: J | D63: Algeriet | E63: Österrike | H63: =IF(OR(F63="",G63=""),"",IF(F63>G63,"1",IF(F63<G63,"2","X"))) | I63: =IF(OR(F63="",G63="",'📊 Resultat & Tabell'!K64="",'📊 Resultat & Tabell'!L64=""),"",IF(F63='📊 Resultat & Tabell'!K64,2,0)+IF(G63='📊 Resultat & Tabell'!L64,2,0)) | J63: =IF(OR(H63="",'📊 Resultat & Tabell'!M64=""),"",IF(H63='📊 Resultat & Tabell'!M64,2,0)) | K63: =IF(AND(I63="",J63=""),"",N(I63)+N(J63)) | L63: Senegal | M63: {=SUMPRODUCT(--($C$4:$C$75="I"),--($D$4:$D$75=L63),--($F$4:$F$75>$G$4:$G$75),--($F$4:$F$75<>""),--($G$4:$G$75<>""))+SUMPRODUCT(--($C$4:$C$75="I"),--($E$4:$E$75=L63),--($G$4:$G$75>$F$4:$F$75),--($F$4:$F$75<>""),--($G$4:$G$75<>""))} -> 0 | N63: {=SUMPRODUCT(--($C$4:$C$75="I"),--(($D$4:$D$75=L63)+($E$4:$E$75=L63)>0),--($F$4:$F$75=$G$4:$G$75),--($F$4:$F$75<>""),--($G$4:$G$75<>""))} -> 0 | O63: {=SUMPRODUCT(--($C$4:$C$75="I"),--($D$4:$D$75=L63),--($F$4:$F$75<$G$4:$G$75),--($F$4:$F$75<>""),--($G$4:$G$75<>""))+SUMPRODUCT(--($C$4:$C$75="i"),--($E$4:$E$75=L63),--($G$4:$G$75<$F$4:$F$75),--($F$4:$F$75<>""),--($G$4:$G$75<>""))} -> 0 | P63: {=SUMPRODUCT(--($C$4:$C$75="I"),--($D$4:$D$75=L63),$F$4:$F$75,--($F$4:$F$75<>""),--($G$4:$G$75<>""))+SUMPRODUCT(--($C$4:$C$75="I"),--($E$4:$E$75=L63),$G$4:$G$75,--($F$4:$F$75<>""),--($G$4:$G$75<>""))} -> 0 | Q63: {=SUMPRODUCT(--($C$4:$C$75="I"),--($D$4:$D$75=L63),$G$4:$G$75,--($F$4:$F$75<>""),--($G$4:$G$75<>""))+SUMPRODUCT(--($C$4:$C$75="I"),--($E$4:$E$75=L63),$F$4:$F$75,--($F$4:$F$75<>""),--($G$4:$G$75<>""))} -> 0 | R63: =P63-Q63 -> 0 | S63: =M63*3+N63 -> 0 | T63: =S63*100000+R63*1000+P63 -> 0
A64: 61 | B64: Gruppspel | C64: K | D64: Portugal | E64: Kongo-Kinshasa | H64: =IF(OR(F64="",G64=""),"",IF(F64>G64,"1",IF(F64<G64,"2","X"))) | I64: =IF(OR(F64="",G64="",'📊 Resultat & Tabell'!K65="",'📊 Resultat & Tabell'!L65=""),"",IF(F64='📊 Resultat & Tabell'!K65,2,0)+IF(G64='📊 Resultat & Tabell'!L65,2,0)) | J64: =IF(OR(H64="",'📊 Resultat & Tabell'!M65=""),"",IF(H64='📊 Resultat & Tabell'!M65,2,0)) | K64: =IF(AND(I64="",J64=""),"",N(I64)+N(J64)) | L64: Irak | M64: {=SUMPRODUCT(--($C$4:$C$75="I"),--($D$4:$D$75=L64),--($F$4:$F$75>$G$4:$G$75),--($F$4:$F$75<>""),--($G$4:$G$75<>""))+SUMPRODUCT(--($C$4:$C$75="I"),--($E$4:$E$75=L64),--($G$4:$G$75>$F$4:$F$75),--($F$4:$F$75<>""),--($G$4:$G$75<>""))} -> 0 | N64: {=SUMPRODUCT(--($C$4:$C$75="I"),--(($D$4:$D$75=L64)+($E$4:$E$75=L64)>0),--($F$4:$F$75=$G$4:$G$75),--($F$4:$F$75<>""),--($G$4:$G$75<>""))} -> 0 | O64: {=SUMPRODUCT(--($C$4:$C$75="I"),--($D$4:$D$75=L64),--($F$4:$F$75<$G$4:$G$75),--($F$4:$F$75<>""),--($G$4:$G$75<>""))+SUMPRODUCT(--($C$4:$C$75="i"),--($E$4:$E$75=L64),--($G$4:$G$75<$F$4:$F$75),--($F$4:$F$75<>""),--($G$4:$G$75<>""))} -> 0 | P64: {=SUMPRODUCT(--($C$4:$C$75="I"),--($D$4:$D$75=L64),$F$4:$F$75,--($F$4:$F$75<>""),--($G$4:$G$75<>""))+SUMPRODUCT(--($C$4:$C$75="I"),--($E$4:$E$75=L64),$G$4:$G$75,--($F$4:$F$75<>""),--($G$4:$G$75<>""))} -> 0 | Q64: {=SUMPRODUCT(--($C$4:$C$75="I"),--($D$4:$D$75=L64),$G$4:$G$75,--($F$4:$F$75<>""),--($G$4:$G$75<>""))+SUMPRODUCT(--($C$4:$C$75="I"),--($E$4:$E$75=L64),$F$4:$F$75,--($F$4:$F$75<>""),--($G$4:$G$75<>""))} -> 0 | R64: =P64-Q64 -> 0 | S64: =M64*3+N64 -> 0 | T64: =S64*100000+R64*1000+P64 -> 0
A65: 62 | B65: Gruppspel | C65: K | D65: Uzbekistan | E65: Colombia | H65: =IF(OR(F65="",G65=""),"",IF(F65>G65,"1",IF(F65<G65,"2","X"))) | I65: =IF(OR(F65="",G65="",'📊 Resultat & Tabell'!K66="",'📊 Resultat & Tabell'!L66=""),"",IF(F65='📊 Resultat & Tabell'!K66,2,0)+IF(G65='📊 Resultat & Tabell'!L66,2,0)) | J65: =IF(OR(H65="",'📊 Resultat & Tabell'!M66=""),"",IF(H65='📊 Resultat & Tabell'!M66,2,0)) | K65: =IF(AND(I65="",J65=""),"",N(I65)+N(J65)) | L65: Norge | M65: {=SUMPRODUCT(--($C$4:$C$75="I"),--($D$4:$D$75=L65),--($F$4:$F$75>$G$4:$G$75),--($F$4:$F$75<>""),--($G$4:$G$75<>""))+SUMPRODUCT(--($C$4:$C$75="I"),--($E$4:$E$75=L65),--($G$4:$G$75>$F$4:$F$75),--($F$4:$F$75<>""),--($G$4:$G$75<>""))} -> 0 | N65: {=SUMPRODUCT(--($C$4:$C$75="I"),--(($D$4:$D$75=L65)+($E$4:$E$75=L65)>0),--($F$4:$F$75=$G$4:$G$75),--($F$4:$F$75<>""),--($G$4:$G$75<>""))} -> 0 | O65: {=SUMPRODUCT(--($C$4:$C$75="I"),--($D$4:$D$75=L65),--($F$4:$F$75<$G$4:$G$75),--($F$4:$F$75<>""),--($G$4:$G$75<>""))+SUMPRODUCT(--($C$4:$C$75="i"),--($E$4:$E$75=L65),--($G$4:$G$75<$F$4:$F$75),--($F$4:$F$75<>""),--($G$4:$G$75<>""))} -> 0 | P65: {=SUMPRODUCT(--($C$4:$C$75="I"),--($D$4:$D$75=L65),$F$4:$F$75,--($F$4:$F$75<>""),--($G$4:$G$75<>""))+SUMPRODUCT(--($C$4:$C$75="I"),--($E$4:$E$75=L65),$G$4:$G$75,--($F$4:$F$75<>""),--($G$4:$G$75<>""))} -> 0 | Q65: {=SUMPRODUCT(--($C$4:$C$75="I"),--($D$4:$D$75=L65),$G$4:$G$75,--($F$4:$F$75<>""),--($G$4:$G$75<>""))+SUMPRODUCT(--($C$4:$C$75="I"),--($E$4:$E$75=L65),$F$4:$F$75,--($F$4:$F$75<>""),--($G$4:$G$75<>""))} -> 0 | R65: =P65-Q65 -> 0 | S65: =M65*3+N65 -> 0 | T65: =S65*100000+R65*1000+P65 -> 0
A66: 63 | B66: Gruppspel | C66: K | D66: Colombia | E66: Kongo-Kinshasa | H66: =IF(OR(F66="",G66=""),"",IF(F66>G66,"1",IF(F66<G66,"2","X"))) | I66: =IF(OR(F66="",G66="",'📊 Resultat & Tabell'!K67="",'📊 Resultat & Tabell'!L67=""),"",IF(F66='📊 Resultat & Tabell'!K67,2,0)+IF(G66='📊 Resultat & Tabell'!L67,2,0)) | J66: =IF(OR(H66="",'📊 Resultat & Tabell'!M67=""),"",IF(H66='📊 Resultat & Tabell'!M67,2,0)) | K66: =IF(AND(I66="",J66=""),"",N(I66)+N(J66))
A67: 64 | B67: Gruppspel | C67: K | D67: Portugal | E67: Uzbekistan | H67: =IF(OR(F67="",G67=""),"",IF(F67>G67,"1",IF(F67<G67,"2","X"))) | I67: =IF(OR(F67="",G67="",'📊 Resultat & Tabell'!K68="",'📊 Resultat & Tabell'!L68=""),"",IF(F67='📊 Resultat & Tabell'!K68,2,0)+IF(G67='📊 Resultat & Tabell'!L68,2,0)) | J67: =IF(OR(H67="",'📊 Resultat & Tabell'!M68=""),"",IF(H67='📊 Resultat & Tabell'!M68,2,0)) | K67: =IF(AND(I67="",J67=""),"",N(I67)+N(J67)) | L67: Grupp J
A68: 65 | B68: Gruppspel | C68: K | D68: Colombia | E68: Portugal | H68: =IF(OR(F68="",G68=""),"",IF(F68>G68,"1",IF(F68<G68,"2","X"))) | I68: =IF(OR(F68="",G68="",'📊 Resultat & Tabell'!K69="",'📊 Resultat & Tabell'!L69=""),"",IF(F68='📊 Resultat & Tabell'!K69,2,0)+IF(G68='📊 Resultat & Tabell'!L69,2,0)) | J68: =IF(OR(H68="",'📊 Resultat & Tabell'!M69=""),"",IF(H68='📊 Resultat & Tabell'!M69,2,0)) | K68: =IF(AND(I68="",J68=""),"",N(I68)+N(J68)) | L68: Lag | M68: V | N68: O | O68: F | P68: GM | Q68: IM | R68: +/- | S68: P | T68: Rankvärde
A69: 66 | B69: Gruppspel | C69: K | D69: Kongo-Kinshasa | E69: Uzbekistan | H69: =IF(OR(F69="",G69=""),"",IF(F69>G69,"1",IF(F69<G69,"2","X"))) | I69: =IF(OR(F69="",G69="",'📊 Resultat & Tabell'!K70="",'📊 Resultat & Tabell'!L70=""),"",IF(F69='📊 Resultat & Tabell'!K70,2,0)+IF(G69='📊 Resultat & Tabell'!L70,2,0)) | J69: =IF(OR(H69="",'📊 Resultat & Tabell'!M70=""),"",IF(H69='📊 Resultat & Tabell'!M70,2,0)) | K69: =IF(AND(I69="",J69=""),"",N(I69)+N(J69)) | L69: Argentina | M69: {=SUMPRODUCT(--($C$4:$C$75="J"),--($D$4:$D$75=L69),--($F$4:$F$75>$G$4:$G$75),--($F$4:$F$75<>""),--($G$4:$G$75<>""))+SUMPRODUCT(--($C$4:$C$75="J"),--($E$4:$E$75=L69),--($G$4:$G$75>$F$4:$F$75),--($F$4:$F$75<>""),--($G$4:$G$75<>""))} -> 0 | N69: {=SUMPRODUCT(--($C$4:$C$75="J"),--(($D$4:$D$75=L69)+($E$4:$E$75=L69)>0),--($F$4:$F$75=$G$4:$G$75),--($F$4:$F$75<>""),--($G$4:$G$75<>""))} -> 0 | O69: {=SUMPRODUCT(--($C$4:$C$75="J"),--($D$4:$D$75=L69),--($F$4:$F$75<$G$4:$G$75),--($F$4:$F$75<>""),--($G$4:$G$75<>""))+SUMPRODUCT(--($C$4:$C$75="J"),--($E$4:$E$75=L69),--($G$4:$G$75<$F$4:$F$75),--($F$4:$F$75<>""),--($G$4:$G$75<>""))} -> 0 | P69: {=SUMPRODUCT(--($C$4:$C$75="J"),--($D$4:$D$75=L69),$F$4:$F$75,--($F$4:$F$75<>""),--($G$4:$G$75<>""))+SUMPRODUCT(--($C$4:$C$75="J"),--($E$4:$E$75=L69),$G$4:$G$75,--($F$4:$F$75<>""),--($G$4:$G$75<>""))} -> 0 | Q69: {=SUMPRODUCT(--($C$4:$C$75="J"),--($D$4:$D$75=L69),$G$4:$G$75,--($F$4:$F$75<>""),--($G$4:$G$75<>""))+SUMPRODUCT(--($C$4:$C$75="J"),--($E$4:$E$75=L69),$F$4:$F$75,--($F$4:$F$75<>""),--($G$4:$G$75<>""))} -> 0 | R69: =P69-Q69 -> 0 | S69: =M69*3+N69 -> 0 | T69: =S69*100000+R69*1000+P69 -> 0
A70: 67 | B70: Gruppspel | C70: L | D70: England | E70: Kroatien | H70: =IF(OR(F70="",G70=""),"",IF(F70>G70,"1",IF(F70<G70,"2","X"))) | I70: =IF(OR(F70="",G70="",'📊 Resultat & Tabell'!K71="",'📊 Resultat & Tabell'!L71=""),"",IF(F70='📊 Resultat & Tabell'!K71,2,0)+IF(G70='📊 Resultat & Tabell'!L71,2,0)) | J70: =IF(OR(H70="",'📊 Resultat & Tabell'!M71=""),"",IF(H70='📊 Resultat & Tabell'!M71,2,0)) | K70: =IF(AND(I70="",J70=""),"",N(I70)+N(J70)) | L70: Algeriet | M70: {=SUMPRODUCT(--($C$4:$C$75="J"),--($D$4:$D$75=L70),--($F$4:$F$75>$G$4:$G$75),--($F$4:$F$75<>""),--($G$4:$G$75<>""))+SUMPRODUCT(--($C$4:$C$75="J"),--($E$4:$E$75=L70),--($G$4:$G$75>$F$4:$F$75),--($F$4:$F$75<>""),--($G$4:$G$75<>""))} -> 0 | N70: {=SUMPRODUCT(--($C$4:$C$75="J"),--(($D$4:$D$75=L70)+($E$4:$E$75=L70)>0),--($F$4:$F$75=$G$4:$G$75),--($F$4:$F$75<>""),--($G$4:$G$75<>""))} -> 0 | O70: {=SUMPRODUCT(--($C$4:$C$75="J"),--($D$4:$D$75=L70),--($F$4:$F$75<$G$4:$G$75),--($F$4:$F$75<>""),--($G$4:$G$75<>""))+SUMPRODUCT(--($C$4:$C$75="J"),--($E$4:$E$75=L70),--($G$4:$G$75<$F$4:$F$75),--($F$4:$F$75<>""),--($G$4:$G$75<>""))} -> 0 | P70: {=SUMPRODUCT(--($C$4:$C$75="J"),--($D$4:$D$75=L70),$F$4:$F$75,--($F$4:$F$75<>""),--($G$4:$G$75<>""))+SUMPRODUCT(--($C$4:$C$75="J"),--($E$4:$E$75=L70),$G$4:$G$75,--($F$4:$F$75<>""),--($G$4:$G$75<>""))} -> 0 | Q70: {=SUMPRODUCT(--($C$4:$C$75="J"),--($D$4:$D$75=L70),$G$4:$G$75,--($F$4:$F$75<>""),--($G$4:$G$75<>""))+SUMPRODUCT(--($C$4:$C$75="J"),--($E$4:$E$75=L70),$F$4:$F$75,--($F$4:$F$75<>""),--($G$4:$G$75<>""))} -> 0 | R70: =P70-Q70 -> 0 | S70: =M70*3+N70 -> 0 | T70: =S70*100000+R70*1000+P70 -> 0
A71: 68 | B71: Gruppspel | C71: L | D71: Ghana | E71: Panama | H71: =IF(OR(F71="",G71=""),"",IF(F71>G71,"1",IF(F71<G71,"2","X"))) | I71: =IF(OR(F71="",G71="",'📊 Resultat & Tabell'!K72="",'📊 Resultat & Tabell'!L72=""),"",IF(F71='📊 Resultat & Tabell'!K72,2,0)+IF(G71='📊 Resultat & Tabell'!L72,2,0)) | J71: =IF(OR(H71="",'📊 Resultat & Tabell'!M72=""),"",IF(H71='📊 Resultat & Tabell'!M72,2,0)) | K71: =IF(AND(I71="",J71=""),"",N(I71)+N(J71)) | L71: Österrike | M71: {=SUMPRODUCT(--($C$4:$C$75="J"),--($D$4:$D$75=L71),--($F$4:$F$75>$G$4:$G$75),--($F$4:$F$75<>""),--($G$4:$G$75<>""))+SUMPRODUCT(--($C$4:$C$75="J"),--($E$4:$E$75=L71),--($G$4:$G$75>$F$4:$F$75),--($F$4:$F$75<>""),--($G$4:$G$75<>""))} -> 0 | N71: {=SUMPRODUCT(--($C$4:$C$75="J"),--(($D$4:$D$75=L71)+($E$4:$E$75=L71)>0),--($F$4:$F$75=$G$4:$G$75),--($F$4:$F$75<>""),--($G$4:$G$75<>""))} -> 0 | O71: {=SUMPRODUCT(--($C$4:$C$75="J"),--($D$4:$D$75=L71),--($F$4:$F$75<$G$4:$G$75),--($F$4:$F$75<>""),--($G$4:$G$75<>""))+SUMPRODUCT(--($C$4:$C$75="J"),--($E$4:$E$75=L71),--($G$4:$G$75<$F$4:$F$75),--($F$4:$F$75<>""),--($G$4:$G$75<>""))} -> 0 | P71: {=SUMPRODUCT(--($C$4:$C$75="J"),--($D$4:$D$75=L71),$F$4:$F$75,--($F$4:$F$75<>""),--($G$4:$G$75<>""))+SUMPRODUCT(--($C$4:$C$75="J"),--($E$4:$E$75=L71),$G$4:$G$75,--($F$4:$F$75<>""),--($G$4:$G$75<>""))} -> 0 | Q71: {=SUMPRODUCT(--($C$4:$C$75="J"),--($D$4:$D$75=L71),$G$4:$G$75,--($F$4:$F$75<>""),--($G$4:$G$75<>""))+SUMPRODUCT(--($C$4:$C$75="J"),--($E$4:$E$75=L71),$F$4:$F$75,--($F$4:$F$75<>""),--($G$4:$G$75<>""))} -> 0 | R71: =P71-Q71 -> 0 | S71: =M71*3+N71 -> 0 | T71: =S71*100000+R71*1000+P71 -> 0
A72: 69 | B72: Gruppspel | C72: L | D72: Panama | E72: Kroatien | H72: =IF(OR(F72="",G72=""),"",IF(F72>G72,"1",IF(F72<G72,"2","X"))) | I72: =IF(OR(F72="",G72="",'📊 Resultat & Tabell'!K73="",'📊 Resultat & Tabell'!L73=""),"",IF(F72='📊 Resultat & Tabell'!K73,2,0)+IF(G72='📊 Resultat & Tabell'!L73,2,0)) | J72: =IF(OR(H72="",'📊 Resultat & Tabell'!M73=""),"",IF(H72='📊 Resultat & Tabell'!M73,2,0)) | K72: =IF(AND(I72="",J72=""),"",N(I72)+N(J72)) | L72: Jordanien | M72: {=SUMPRODUCT(--($C$4:$C$75="J"),--($D$4:$D$75=L72),--($F$4:$F$75>$G$4:$G$75),--($F$4:$F$75<>""),--($G$4:$G$75<>""))+SUMPRODUCT(--($C$4:$C$75="J"),--($E$4:$E$75=L72),--($G$4:$G$75>$F$4:$F$75),--($F$4:$F$75<>""),--($G$4:$G$75<>""))} -> 0 | N72: {=SUMPRODUCT(--($C$4:$C$75="J"),--(($D$4:$D$75=L72)+($E$4:$E$75=L72)>0),--($F$4:$F$75=$G$4:$G$75),--($F$4:$F$75<>""),--($G$4:$G$75<>""))} -> 0 | O72: {=SUMPRODUCT(--($C$4:$C$75="J"),--($D$4:$D$75=L72),--($F$4:$F$75<$G$4:$G$75),--($F$4:$F$75<>""),--($G$4:$G$75<>""))+SUMPRODUCT(--($C$4:$C$75="J"),--($E$4:$E$75=L72),--($G$4:$G$75<$F$4:$F$75),--($F$4:$F$75<>""),--($G$4:$G$75<>""))} -> 0 | P72: {=SUMPRODUCT(--($C$4:$C$75="J"),--($D$4:$D$75=L72),$F$4:$F$75,--($F$4:$F$75<>""),--($G$4:$G$75<>""))+SUMPRODUCT(--($C$4:$C$75="J"),--($E$4:$E$75=L72),$G$4:$G$75,--($F$4:$F$75<>""),--($G$4:$G$75<>""))} -> 0 | Q72: {=SUMPRODUCT(--($C$4:$C$75="J"),--($D$4:$D$75=L72),$G$4:$G$75,--($F$4:$F$75<>""),--($G$4:$G$75<>""))+SUMPRODUCT(--($C$4:$C$75="J"),--($E$4:$E$75=L72),$F$4:$F$75,--($F$4:$F$75<>""),--($G$4:$G$75<>""))} -> 0 | R72: =P72-Q72 -> 0 | S72: =M72*3+N72 -> 0 | T72: =S72*100000+R72*1000+P72 -> 0
A73: 70 | B73: Gruppspel | C73: L | D73: England | E73: Ghana | H73: =IF(OR(F73="",G73=""),"",IF(F73>G73,"1",IF(F73<G73,"2","X"))) | I73: =IF(OR(F73="",G73="",'📊 Resultat & Tabell'!K74="",'📊 Resultat & Tabell'!L74=""),"",IF(F73='📊 Resultat & Tabell'!K74,2,0)+IF(G73='📊 Resultat & Tabell'!L74,2,0)) | J73: =IF(OR(H73="",'📊 Resultat & Tabell'!M74=""),"",IF(H73='📊 Resultat & Tabell'!M74,2,0)) | K73: =IF(AND(I73="",J73=""),"",N(I73)+N(J73))
A74: 71 | B74: Gruppspel | C74: L | D74: Panama | E74: England | H74: =IF(OR(F74="",G74=""),"",IF(F74>G74,"1",IF(F74<G74,"2","X"))) | I74: =IF(OR(F74="",G74="",'📊 Resultat & Tabell'!K75="",'📊 Resultat & Tabell'!L75=""),"",IF(F74='📊 Resultat & Tabell'!K75,2,0)+IF(G74='📊 Resultat & Tabell'!L75,2,0)) | J74: =IF(OR(H74="",'📊 Resultat & Tabell'!M75=""),"",IF(H74='📊 Resultat & Tabell'!M75,2,0)) | K74: =IF(AND(I74="",J74=""),"",N(I74)+N(J74)) | L74: Grupp K
A75: 72 | B75: Gruppspel | C75: L | D75: Kroatien | E75: Ghana | H75: =IF(OR(F75="",G75=""),"",IF(F75>G75,"1",IF(F75<G75,"2","X"))) | I75: =IF(OR(F75="",G75="",'📊 Resultat & Tabell'!K76="",'📊 Resultat & Tabell'!L76=""),"",IF(F75='📊 Resultat & Tabell'!K76,2,0)+IF(G75='📊 Resultat & Tabell'!L76,2,0)) | J75: =IF(OR(H75="",'📊 Resultat & Tabell'!M76=""),"",IF(H75='📊 Resultat & Tabell'!M76,2,0)) | K75: =IF(AND(I75="",J75=""),"",N(I75)+N(J75)) | L75: Lag | M75: V | N75: O | O75: F | P75: GM | Q75: IM | R75: +/- | S75: P | T75: Rankvärde
A76: 73 | B76: Sextondelsfinal | D76: =IF($Y$4="","",$Y$4) | E76: =IF($Y$5="","",$Y$5) | H76: =IF(OR(F76="",G76=""),"",IF(F76>G76,"1",IF(F76<G76,"2","X"))) | I76: =IF(OR(F76="",G76="",'📊 Resultat & Tabell'!K77="",'📊 Resultat & Tabell'!L77=""),"",IF(F76='📊 Resultat & Tabell'!K77,2,0)+IF(G76='📊 Resultat & Tabell'!L77,2,0)) | J76: =IF(OR(H76="",'📊 Resultat & Tabell'!M77=""),"",IF(H76='📊 Resultat & Tabell'!M77,2,0)) | K76: =IF(AND(I76="",J76=""),"",N(I76)+N(J76)) | L76: Portugal | M76: {=SUMPRODUCT(--($C$4:$C$75="K"),--($D$4:$D$75=L76),--($F$4:$F$75>$G$4:$G$75),--($F$4:$F$75<>""),--($G$4:$G$75<>""))+SUMPRODUCT(--($C$4:$C$75="K"),--($E$4:$E$75=L76),--($G$4:$G$75>$F$4:$F$75),--($F$4:$F$75<>""),--($G$4:$G$75<>""))} -> 0 | N76: {=SUMPRODUCT(--($C$4:$C$75="K"),--(($D$4:$D$75=L76)+($E$4:$E$75=L76)>0),--($F$4:$F$75=$G$4:$G$75),--($F$4:$F$75<>""),--($G$4:$G$75<>""))} -> 0 | O76: {=SUMPRODUCT(--($C$4:$C$75="K"),--($D$4:$D$75=L76),--($F$4:$F$75<$G$4:$G$75),--($F$4:$F$75<>""),--($G$4:$G$75<>""))+SUMPRODUCT(--($C$4:$C$75="K"),--($E$4:$E$75=L76),--($G$4:$G$75<$F$4:$F$75),--($F$4:$F$75<>""),--($G$4:$G$75<>""))} -> 0 | P76: {=SUMPRODUCT(--($C$4:$C$75="K"),--($D$4:$D$75=L76),$F$4:$F$75,--($F$4:$F$75<>""),--($G$4:$G$75<>""))+SUMPRODUCT(--($C$4:$C$75="K"),--($E$4:$E$75=L76),$G$4:$G$75,--($F$4:$F$75<>""),--($G$4:$G$75<>""))} -> 0 | Q76: {=SUMPRODUCT(--($C$4:$C$75="K"),--($D$4:$D$75=L76),$G$4:$G$75,--($F$4:$F$75<>""),--($G$4:$G$75<>""))+SUMPRODUCT(--($C$4:$C$75="K"),--($E$4:$E$75=L76),$F$4:$F$75,--($F$4:$F$75<>""),--($G$4:$G$75<>""))} -> 0 | R76: =P76-Q76 -> 0 | S76: =M76*3+N76 -> 0 | T76: =S76*100000+R76*1000+P76 -> 0
A77: 74 | B77: Sextondelsfinal | D77: =IF($X$8="","",$X$8) | E77: {=IFERROR(INDEX($Z$4:$Z$15,MATCH(MAX(IF((ISNUMBER(MATCH($W$4:$W$15,{"A","B","C","D","F"},0)))*($AB$4:$AB$15<=8)*(COUNTIF($D$76:E76,$Z$4:$Z$15)=0),$AA$4:$AA$15)),$AA$4:$AA$15,0)),"")} | H77: =IF(OR(F77="",G77=""),"",IF(F77>G77,"1",IF(F77<G77,"2","X"))) | I77: =IF(OR(F77="",G77="",'📊 Resultat & Tabell'!K78="",'📊 Resultat & Tabell'!L78=""),"",IF(F77='📊 Resultat & Tabell'!K78,2,0)+IF(G77='📊 Resultat & Tabell'!L78,2,0)) | J77: =IF(OR(H77="",'📊 Resultat & Tabell'!M78=""),"",IF(H77='📊 Resultat & Tabell'!M78,2,0)) | K77: =IF(AND(I77="",J77=""),"",N(I77)+N(J77)) | L77: Kongo-Kinshasa | M77: {=SUMPRODUCT(--($C$4:$C$75="K"),--($D$4:$D$75=L77),--($F$4:$F$75>$G$4:$G$75),--($F$4:$F$75<>""),--($G$4:$G$75<>""))+SUMPRODUCT(--($C$4:$C$75="K"),--($E$4:$E$75=L77),--($G$4:$G$75>$F$4:$F$75),--($F$4:$F$75<>""),--($G$4:$G$75<>""))} -> 0 | N77: {=SUMPRODUCT(--($C$4:$C$75="K"),--(($D$4:$D$75=L77)+($E$4:$E$75=L77)>0),--($F$4:$F$75=$G$4:$G$75),--($F$4:$F$75<>""),--($G$4:$G$75<>""))} -> 0 | O77: {=SUMPRODUCT(--($C$4:$C$75="K"),--($D$4:$D$75=L77),--($F$4:$F$75<$G$4:$G$75),--($F$4:$F$75<>""),--($G$4:$G$75<>""))+SUMPRODUCT(--($C$4:$C$75="K"),--($E$4:$E$75=L77),--($G$4:$G$75<$F$4:$F$75),--($F$4:$F$75<>""),--($G$4:$G$75<>""))} -> 0 | P77: {=SUMPRODUCT(--($C$4:$C$75="K"),--($D$4:$D$75=L77),$F$4:$F$75,--($F$4:$F$75<>""),--($G$4:$G$75<>""))+SUMPRODUCT(--($C$4:$C$75="K"),--($E$4:$E$75=L77),$G$4:$G$75,--($F$4:$F$75<>""),--($G$4:$G$75<>""))} -> 0 | Q77: {=SUMPRODUCT(--($C$4:$C$75="K"),--($D$4:$D$75=L77),$G$4:$G$75,--($F$4:$F$75<>""),--($G$4:$G$75<>""))+SUMPRODUCT(--($C$4:$C$75="K"),--($E$4:$E$75=L77),$F$4:$F$75,--($F$4:$F$75<>""),--($G$4:$G$75<>""))} -> 0 | R77: =P77-Q77 -> 0 | S77: =M77*3+N77 -> 0 | T77: =S77*100000+R77*1000+P77 -> 0
A78: 75 | B78: Sextondelsfinal | D78: =IF($X$9="","",$X$9) | E78: =IF($Y$6="","",$Y$6) | H78: =IF(OR(F78="",G78=""),"",IF(F78>G78,"1",IF(F78<G78,"2","X"))) | I78: =IF(OR(F78="",G78="",'📊 Resultat & Tabell'!K79="",'📊 Resultat & Tabell'!L79=""),"",IF(F78='📊 Resultat & Tabell'!K79,2,0)+IF(G78='📊 Resultat & Tabell'!L79,2,0)) | J78: =IF(OR(H78="",'📊 Resultat & Tabell'!M79=""),"",IF(H78='📊 Resultat & Tabell'!M79,2,0)) | K78: =IF(AND(I78="",J78=""),"",N(I78)+N(J78)) | L78: Uzbekistan | M78: {=SUMPRODUCT(--($C$4:$C$75="K"),--($D$4:$D$75=L78),--($F$4:$F$75>$G$4:$G$75),--($F$4:$F$75<>""),--($G$4:$G$75<>""))+SUMPRODUCT(--($C$4:$C$75="K"),--($E$4:$E$75=L78),--($G$4:$G$75>$F$4:$F$75),--($F$4:$F$75<>""),--($G$4:$G$75<>""))} -> 0 | N78: {=SUMPRODUCT(--($C$4:$C$75="K"),--(($D$4:$D$75=L78)+($E$4:$E$75=L78)>0),--($F$4:$F$75=$G$4:$G$75),--($F$4:$F$75<>""),--($G$4:$G$75<>""))} -> 0 | O78: {=SUMPRODUCT(--($C$4:$C$75="K"),--($D$4:$D$75=L78),--($F$4:$F$75<$G$4:$G$75),--($F$4:$F$75<>""),--($G$4:$G$75<>""))+SUMPRODUCT(--($C$4:$C$75="K"),--($E$4:$E$75=L78),--($G$4:$G$75<$F$4:$F$75),--($F$4:$F$75<>""),--($G$4:$G$75<>""))} -> 0 | P78: {=SUMPRODUCT(--($C$4:$C$75="K"),--($D$4:$D$75=L78),$F$4:$F$75,--($F$4:$F$75<>""),--($G$4:$G$75<>""))+SUMPRODUCT(--($C$4:$C$75="K"),--($E$4:$E$75=L78),$G$4:$G$75,--($F$4:$F$75<>""),--($G$4:$G$75<>""))} -> 0 | Q78: {=SUMPRODUCT(--($C$4:$C$75="K"),--($D$4:$D$75=L78),$G$4:$G$75,--($F$4:$F$75<>""),--($G$4:$G$75<>""))+SUMPRODUCT(--($C$4:$C$75="K"),--($E$4:$E$75=L78),$F$4:$F$75,--($F$4:$F$75<>""),--($G$4:$G$75<>""))} -> 0 | R78: =P78-Q78 -> 0 | S78: =M78*3+N78 -> 0 | T78: =S78*100000+R78*1000+P78 -> 0
A79: 76 | B79: Sextondelsfinal | D79: =IF($X$6="","",$X$6) | E79: =IF($Y$9="","",$Y$9) | H79: =IF(OR(F79="",G79=""),"",IF(F79>G79,"1",IF(F79<G79,"2","X"))) | I79: =IF(OR(F79="",G79="",'📊 Resultat & Tabell'!K80="",'📊 Resultat & Tabell'!L80=""),"",IF(F79='📊 Resultat & Tabell'!K80,2,0)+IF(G79='📊 Resultat & Tabell'!L80,2,0)) | J79: =IF(OR(H79="",'📊 Resultat & Tabell'!M80=""),"",IF(H79='📊 Resultat & Tabell'!M80,2,0)) | K79: =IF(AND(I79="",J79=""),"",N(I79)+N(J79)) | L79: Colombia | M79: {=SUMPRODUCT(--($C$4:$C$75="K"),--($D$4:$D$75=L79),--($F$4:$F$75>$G$4:$G$75),--($F$4:$F$75<>""),--($G$4:$G$75<>""))+SUMPRODUCT(--($C$4:$C$75="K"),--($E$4:$E$75=L79),--($G$4:$G$75>$F$4:$F$75),--($F$4:$F$75<>""),--($G$4:$G$75<>""))} -> 0 | N79: {=SUMPRODUCT(--($C$4:$C$75="K"),--(($D$4:$D$75=L79)+($E$4:$E$75=L79)>0),--($F$4:$F$75=$G$4:$G$75),--($F$4:$F$75<>""),--($G$4:$G$75<>""))} -> 0 | O79: {=SUMPRODUCT(--($C$4:$C$75="K"),--($D$4:$D$75=L79),--($F$4:$F$75<$G$4:$G$75),--($F$4:$F$75<>""),--($G$4:$G$75<>""))+SUMPRODUCT(--($C$4:$C$75="K"),--($E$4:$E$75=L79),--($G$4:$G$75<$F$4:$F$75),--($F$4:$F$75<>""),--($G$4:$G$75<>""))} -> 0 | P79: {=SUMPRODUCT(--($C$4:$C$75="K"),--($D$4:$D$75=L79),$F$4:$F$75,--($F$4:$F$75<>""),--($G$4:$G$75<>""))+SUMPRODUCT(--($C$4:$C$75="K"),--($E$4:$E$75=L79),$G$4:$G$75,--($F$4:$F$75<>""),--($G$4:$G$75<>""))} -> 0 | Q79: {=SUMPRODUCT(--($C$4:$C$75="K"),--($D$4:$D$75=L79),$G$4:$G$75,--($F$4:$F$75<>""),--($G$4:$G$75<>""))+SUMPRODUCT(--($C$4:$C$75="K"),--($E$4:$E$75=L79),$F$4:$F$75,--($F$4:$F$75<>""),--($G$4:$G$75<>""))} -> 0 | R79: =P79-Q79 -> 0 | S79: =M79*3+N79 -> 0 | T79: =S79*100000+R79*1000+P79 -> 0
A80: 77 | B80: Sextondelsfinal | D80: =IF($X$12="","",$X$12) | E80: {=IFERROR(INDEX($Z$4:$Z$15,MATCH(MAX(IF(ISNUMBER(MATCH($W$4:$W$15,{"C","D","F","G","H"},0))*($AB$4:$AB$15<=8)*(COUNTIF($D$76:E79,$Z$4:$Z$15)=0),$AA$4:$AA$15)),$AA$4:$AA$15,0)),"")} | H80: =IF(OR(F80="",G80=""),"",IF(F80>G80,"1",IF(F80<G80,"2","X"))) | I80: =IF(OR(F80="",G80="",'📊 Resultat & Tabell'!K81="",'📊 Resultat & Tabell'!L81=""),"",IF(F80='📊 Resultat & Tabell'!K81,2,0)+IF(G80='📊 Resultat & Tabell'!L81,2,0)) | J80: =IF(OR(H80="",'📊 Resultat & Tabell'!M81=""),"",IF(H80='📊 Resultat & Tabell'!M81,2,0)) | K80: =IF(AND(I80="",J80=""),"",N(I80)+N(J80))
A81: 78 | B81: Sextondelsfinal | D81: =IF($Y$8="","",$Y$8) | E81: =IF($Y$12="","",$Y$12) | H81: =IF(OR(F81="",G81=""),"",IF(F81>G81,"1",IF(F81<G81,"2","X"))) | I81: =IF(OR(F81="",G81="",'📊 Resultat & Tabell'!K82="",'📊 Resultat & Tabell'!L82=""),"",IF(F81='📊 Resultat & Tabell'!K82,2,0)+IF(G81='📊 Resultat & Tabell'!L82,2,0)) | J81: =IF(OR(H81="",'📊 Resultat & Tabell'!M82=""),"",IF(H81='📊 Resultat & Tabell'!M82,2,0)) | K81: =IF(AND(I81="",J81=""),"",N(I81)+N(J81)) | L81: Grupp L
A82: 79 | B82: Sextondelsfinal | D82: =IF($X$4="","",$X$4) | E82: {=IFERROR(INDEX($Z$4:$Z$15,MATCH(MAX(IF(ISNUMBER(MATCH($W$4:$W$15,{"C","E","F","H","I"},0))*($AB$4:$AB$15<=8)*(COUNTIF($D$76:E81,$Z$4:$Z$15)=0),$AA$4:$AA$15)),$AA$4:$AA$15,0)),"")} | H82: =IF(OR(F82="",G82=""),"",IF(F82>G82,"1",IF(F82<G82,"2","X"))) | I82: =IF(OR(F82="",G82="",'📊 Resultat & Tabell'!K83="",'📊 Resultat & Tabell'!L83=""),"",IF(F82='📊 Resultat & Tabell'!K83,2,0)+IF(G82='📊 Resultat & Tabell'!L83,2,0)) | J82: =IF(OR(H82="",'📊 Resultat & Tabell'!M83=""),"",IF(H82='📊 Resultat & Tabell'!M83,2,0)) | K82: =IF(AND(I82="",J82=""),"",N(I82)+N(J82)) | L82: Lag | M82: V | N82: O | O82: F | P82: GM | Q82: IM | R82: +/- | S82: P | T82: Rankvärde
A83: 80 | B83: Sextondelsfinal | D83: =IF($X$15="","",$X$15) | E83: {=IFERROR(INDEX($Z$4:$Z$15,MATCH(MAX(IF(ISNUMBER(MATCH($W$4:$W$15,{"E","H","I","J","K"},0))*($AB$4:$AB$15<=8)*(COUNTIF($D$76:E82,$Z$4:$Z$15)=0),$AA$4:$AA$15)),$AA$4:$AA$15,0)),"")} | H83: =IF(OR(F83="",G83=""),"",IF(F83>G83,"1",IF(F83<G83,"2","X"))) | I83: =IF(OR(F83="",G83="",'📊 Resultat & Tabell'!K84="",'📊 Resultat & Tabell'!L84=""),"",IF(F83='📊 Resultat & Tabell'!K84,2,0)+IF(G83='📊 Resultat & Tabell'!L84,2,0)) | J83: =IF(OR(H83="",'📊 Resultat & Tabell'!M84=""),"",IF(H83='📊 Resultat & Tabell'!M84,2,0)) | K83: =IF(AND(I83="",J83=""),"",N(I83)+N(J83)) | L83: England | M83: {=SUMPRODUCT(--($C$4:$C$75="L"),--($D$4:$D$75=L83),--($F$4:$F$75>$G$4:$G$75),--($F$4:$F$75<>""),--($G$4:$G$75<>""))+SUMPRODUCT(--($C$4:$C$75="L"),--($E$4:$E$75=L83),--($G$4:$G$75>$F$4:$F$75),--($F$4:$F$75<>""),--($G$4:$G$75<>""))} -> 0 | N83: {=SUMPRODUCT(--($C$4:$C$75="L"),--(($D$4:$D$75=L83)+($E$4:$E$75=L83)>0),--($F$4:$F$75=$G$4:$G$75),--($F$4:$F$75<>""),--($G$4:$G$75<>""))} -> 0 | O83: {=SUMPRODUCT(--($C$4:$C$75="L"),--($D$4:$D$75=L83),--($F$4:$F$75<$G$4:$G$75),--($F$4:$F$75<>""),--($G$4:$G$75<>""))+SUMPRODUCT(--($C$4:$C$75="L"),--($E$4:$E$75=L83),--($G$4:$G$75<$F$4:$F$75),--($F$4:$F$75<>""),--($G$4:$G$75<>""))} -> 0 | P83: {=SUMPRODUCT(--($C$4:$C$75="L"),--($D$4:$D$75=L83),$F$4:$F$75,--($F$4:$F$75<>""),--($G$4:$G$75<>""))+SUMPRODUCT(--($C$4:$C$75="L"),--($E$4:$E$75=L83),$G$4:$G$75,--($F$4:$F$75<>""),--($G$4:$G$75<>""))} -> 0 | Q83: {=SUMPRODUCT(--($C$4:$C$75="L"),--($D$4:$D$75=L83),$G$4:$G$75,--($F$4:$F$75<>""),--($G$4:$G$75<>""))+SUMPRODUCT(--($C$4:$C$75="L"),--($E$4:$E$75=L83),$F$4:$F$75,--($F$4:$F$75<>""),--($G$4:$G$75<>""))} -> 0 | R83: =P83-Q83 -> 0 | S83: =M83*3+N83 -> 0 | T83: =S83*100000+R83*1000+P83 -> 0
A84: 81 | B84: Sextondelsfinal | D84: =IF($X$7="","",$X$7) | E84: {=IFERROR(INDEX($Z$4:$Z$15,MATCH(MAX(IF(ISNUMBER(MATCH($W$4:$W$15,{"B","E","F","I","J"},0))*($AB$4:$AB$15<=8)*(COUNTIF($D$76:E83,$Z$4:$Z$15)=0),$AA$4:$AA$15)),$AA$4:$AA$15,0)),"")} | H84: =IF(OR(F84="",G84=""),"",IF(F84>G84,"1",IF(F84<G84,"2","X"))) | I84: =IF(OR(F84="",G84="",'📊 Resultat & Tabell'!K85="",'📊 Resultat & Tabell'!L85=""),"",IF(F84='📊 Resultat & Tabell'!K85,2,0)+IF(G84='📊 Resultat & Tabell'!L85,2,0)) | J84: =IF(OR(H84="",'📊 Resultat & Tabell'!M85=""),"",IF(H84='📊 Resultat & Tabell'!M85,2,0)) | K84: =IF(AND(I84="",J84=""),"",N(I84)+N(J84)) | L84: Kroatien | M84: {=SUMPRODUCT(--($C$4:$C$75="L"),--($D$4:$D$75=L84),--($F$4:$F$75>$G$4:$G$75),--($F$4:$F$75<>""),--($G$4:$G$75<>""))+SUMPRODUCT(--($C$4:$C$75="L"),--($E$4:$E$75=L84),--($G$4:$G$75>$F$4:$F$75),--($F$4:$F$75<>""),--($G$4:$G$75<>""))} -> 0 | N84: {=SUMPRODUCT(--($C$4:$C$75="L"),--(($D$4:$D$75=L84)+($E$4:$E$75=L84)>0),--($F$4:$F$75=$G$4:$G$75),--($F$4:$F$75<>""),--($G$4:$G$75<>""))} -> 0 | O84: {=SUMPRODUCT(--($C$4:$C$75="L"),--($D$4:$D$75=L84),--($F$4:$F$75<$G$4:$G$75),--($F$4:$F$75<>""),--($G$4:$G$75<>""))+SUMPRODUCT(--($C$4:$C$75="L"),--($E$4:$E$75=L84),--($G$4:$G$75<$F$4:$F$75),--($F$4:$F$75<>""),--($G$4:$G$75<>""))} -> 0 | P84: {=SUMPRODUCT(--($C$4:$C$75="L"),--($D$4:$D$75=L84),$F$4:$F$75,--($F$4:$F$75<>""),--($G$4:$G$75<>""))+SUMPRODUCT(--($C$4:$C$75="L"),--($E$4:$E$75=L84),$G$4:$G$75,--($F$4:$F$75<>""),--($G$4:$G$75<>""))} -> 0 | Q84: {=SUMPRODUCT(--($C$4:$C$75="L"),--($D$4:$D$75=L84),$G$4:$G$75,--($F$4:$F$75<>""),--($G$4:$G$75<>""))+SUMPRODUCT(--($C$4:$C$75="L"),--($E$4:$E$75=L84),$F$4:$F$75,--($F$4:$F$75<>""),--($G$4:$G$75<>""))} -> 0 | R84: =P84-Q84 -> 0 | S84: =M84*3+N84 -> 0 | T84: =S84*100000+R84*1000+P84 -> 0
A85: 82 | B85: Sextondelsfinal | D85: =IF($X$10="","",$X$10) | E85: {=IFERROR(INDEX($Z$4:$Z$15,MATCH(MAX(IF(ISNUMBER(MATCH($W$4:$W$15,{"A","E","H","I","J"},0))*($AB$4:$AB$15<=8)*(COUNTIF($D$76:E84,$Z$4:$Z$15)=0),$AA$4:$AA$15)),$AA$4:$AA$15,0)),"")} | H85: =IF(OR(F85="",G85=""),"",IF(F85>G85,"1",IF(F85<G85,"2","X"))) | I85: =IF(OR(F85="",G85="",'📊 Resultat & Tabell'!K86="",'📊 Resultat & Tabell'!L86=""),"",IF(F85='📊 Resultat & Tabell'!K86,2,0)+IF(G85='📊 Resultat & Tabell'!L86,2,0)) | J85: =IF(OR(H85="",'📊 Resultat & Tabell'!M86=""),"",IF(H85='📊 Resultat & Tabell'!M86,2,0)) | K85: =IF(AND(I85="",J85=""),"",N(I85)+N(J85)) | L85: Ghana | M85: {=SUMPRODUCT(--($C$4:$C$75="L"),--($D$4:$D$75=L85),--($F$4:$F$75>$G$4:$G$75),--($F$4:$F$75<>""),--($G$4:$G$75<>""))+SUMPRODUCT(--($C$4:$C$75="L"),--($E$4:$E$75=L85),--($G$4:$G$75>$F$4:$F$75),--($F$4:$F$75<>""),--($G$4:$G$75<>""))} -> 0 | N85: {=SUMPRODUCT(--($C$4:$C$75="L"),--(($D$4:$D$75=L85)+($E$4:$E$75=L85)>0),--($F$4:$F$75=$G$4:$G$75),--($F$4:$F$75<>""),--($G$4:$G$75<>""))} -> 0 | O85: {=SUMPRODUCT(--($C$4:$C$75="L"),--($D$4:$D$75=L85),--($F$4:$F$75<$G$4:$G$75),--($F$4:$F$75<>""),--($G$4:$G$75<>""))+SUMPRODUCT(--($C$4:$C$75="L"),--($E$4:$E$75=L85),--($G$4:$G$75<$F$4:$F$75),--($F$4:$F$75<>""),--($G$4:$G$75<>""))} -> 0 | P85: {=SUMPRODUCT(--($C$4:$C$75="L"),--($D$4:$D$75=L85),$F$4:$F$75,--($F$4:$F$75<>""),--($G$4:$G$75<>""))+SUMPRODUCT(--($C$4:$C$75="L"),--($E$4:$E$75=L85),$G$4:$G$75,--($F$4:$F$75<>""),--($G$4:$G$75<>""))} -> 0 | Q85: {=SUMPRODUCT(--($C$4:$C$75="L"),--($D$4:$D$75=L85),$G$4:$G$75,--($F$4:$F$75<>""),--($G$4:$G$75<>""))+SUMPRODUCT(--($C$4:$C$75="L"),--($E$4:$E$75=L85),$F$4:$F$75,--($F$4:$F$75<>""),--($G$4:$G$75<>""))} -> 0 | R85: =P85-Q85 -> 0 | S85: =M85*3+N85 -> 0 | T85: =S85*100000+R85*1000+P85 -> 0
A86: 83 | B86: Sextondelsfinal | D86: =IF($Y$14="","",$Y$14) | E86: =IF($Y$15="","",$Y$15) | H86: =IF(OR(F86="",G86=""),"",IF(F86>G86,"1",IF(F86<G86,"2","X"))) | I86: =IF(OR(F86="",G86="",'📊 Resultat & Tabell'!K87="",'📊 Resultat & Tabell'!L87=""),"",IF(F86='📊 Resultat & Tabell'!K87,2,0)+IF(G86='📊 Resultat & Tabell'!L87,2,0)) | J86: =IF(OR(H86="",'📊 Resultat & Tabell'!M87=""),"",IF(H86='📊 Resultat & Tabell'!M87,2,0)) | K86: =IF(AND(I86="",J86=""),"",N(I86)+N(J86)) | L86: Panama | M86: {=SUMPRODUCT(--($C$4:$C$75="L"),--($D$4:$D$75=L86),--($F$4:$F$75>$G$4:$G$75),--($F$4:$F$75<>""),--($G$4:$G$75<>""))+SUMPRODUCT(--($C$4:$C$75="L"),--($E$4:$E$75=L86),--($G$4:$G$75>$F$4:$F$75),--($F$4:$F$75<>""),--($G$4:$G$75<>""))} -> 0 | N86: {=SUMPRODUCT(--($C$4:$C$75="L"),--(($D$4:$D$75=L86)+($E$4:$E$75=L86)>0),--($F$4:$F$75=$G$4:$G$75),--($F$4:$F$75<>""),--($G$4:$G$75<>""))} -> 0 | O86: {=SUMPRODUCT(--($C$4:$C$75="L"),--($D$4:$D$75=L86),--($F$4:$F$75<$G$4:$G$75),--($F$4:$F$75<>""),--($G$4:$G$75<>""))+SUMPRODUCT(--($C$4:$C$75="L"),--($E$4:$E$75=L86),--($G$4:$G$75<$F$4:$F$75),--($F$4:$F$75<>""),--($G$4:$G$75<>""))} -> 0 | P86: {=SUMPRODUCT(--($C$4:$C$75="L"),--($D$4:$D$75=L86),$F$4:$F$75,--($F$4:$F$75<>""),--($G$4:$G$75<>""))+SUMPRODUCT(--($C$4:$C$75="L"),--($E$4:$E$75=L86),$G$4:$G$75,--($F$4:$F$75<>""),--($G$4:$G$75<>""))} -> 0 | Q86: {=SUMPRODUCT(--($C$4:$C$75="L"),--($D$4:$D$75=L86),$G$4:$G$75,--($F$4:$F$75<>""),--($G$4:$G$75<>""))+SUMPRODUCT(--($C$4:$C$75="L"),--($E$4:$E$75=L86),$F$4:$F$75,--($F$4:$F$75<>""),--($G$4:$G$75<>""))} -> 0 | R86: =P86-Q86 -> 0 | S86: =M86*3+N86 -> 0 | T86: =S86*100000+R86*1000+P86 -> 0
A87: 84 | B87: Sextondelsfinal | D87: =IF($X$11="","",$X$11) | E87: =IF($Y$13="","",$Y$13) | H87: =IF(OR(F87="",G87=""),"",IF(F87>G87,"1",IF(F87<G87,"2","X"))) | I87: =IF(OR(F87="",G87="",'📊 Resultat & Tabell'!K88="",'📊 Resultat & Tabell'!L88=""),"",IF(F87='📊 Resultat & Tabell'!K88,2,0)+IF(G87='📊 Resultat & Tabell'!L88,2,0)) | J87: =IF(OR(H87="",'📊 Resultat & Tabell'!M88=""),"",IF(H87='📊 Resultat & Tabell'!M88,2,0)) | K87: =IF(AND(I87="",J87=""),"",N(I87)+N(J87))
A88: 85 | B88: Sextondelsfinal | D88: =IF($X$5="","",$X$5) | E88: {=IFERROR(INDEX($Z$4:$Z$15,MATCH(MAX(IF(ISNUMBER(MATCH($W$4:$W$15,{"I"},0))*($AB$4:$AB$15<=8)*(COUNTIF($D$73:$E$87,$Z$4:$Z$15)=0),$AA$4:$AA$15)),$AA$4:$AA$15,0)),"")} | H88: =IF(OR(F88="",G88=""),"",IF(F88>G88,"1",IF(F88<G88,"2","X"))) | I88: =IF(OR(F88="",G88="",'📊 Resultat & Tabell'!K89="",'📊 Resultat & Tabell'!L89=""),"",IF(F88='📊 Resultat & Tabell'!K89,2,0)+IF(G88='📊 Resultat & Tabell'!L89,2,0)) | J88: =IF(OR(H88="",'📊 Resultat & Tabell'!M89=""),"",IF(H88='📊 Resultat & Tabell'!M89,2,0)) | K88: =IF(AND(I88="",J88=""),"",N(I88)+N(J88))
A89: 86 | B89: Sextondelsfinal | D89: =IF($X$13="","",$X$13) | E89: =IF($Y$11="","",$Y$11) | H89: =IF(OR(F89="",G89=""),"",IF(F89>G89,"1",IF(F89<G89,"2","X"))) | I89: =IF(OR(F89="",G89="",'📊 Resultat & Tabell'!K90="",'📊 Resultat & Tabell'!L90=""),"",IF(F89='📊 Resultat & Tabell'!K90,2,0)+IF(G89='📊 Resultat & Tabell'!L90,2,0)) | J89: =IF(OR(H89="",'📊 Resultat & Tabell'!M90=""),"",IF(H89='📊 Resultat & Tabell'!M90,2,0)) | K89: =IF(AND(I89="",J89=""),"",N(I89)+N(J89))
A90: 87 | B90: Sextondelsfinal | D90: =IF($X$14="","",$X$14) | E90: {=IFERROR(INDEX($Z$4:$Z$15,MATCH(MAX(IF(ISNUMBER(MATCH($W$4:$W$15,{"D","E","I","J","L"},0))*($AB$4:$AB$15<=8)*(COUNTIF($D$76:E89,$Z$4:$Z$15)=0),$AA$4:$AA$15)),$AA$4:$AA$15,0)),"")} | H90: =IF(OR(F90="",G90=""),"",IF(F90>G90,"1",IF(F90<G90,"2","X"))) | I90: =IF(OR(F90="",G90="",'📊 Resultat & Tabell'!K91="",'📊 Resultat & Tabell'!L91=""),"",IF(F90='📊 Resultat & Tabell'!K91,2,0)+IF(G90='📊 Resultat & Tabell'!L91,2,0)) | J90: =IF(OR(H90="",'📊 Resultat & Tabell'!M91=""),"",IF(H90='📊 Resultat & Tabell'!M91,2,0)) | K90: =IF(AND(I90="",J90=""),"",N(I90)+N(J90))
A91: 88 | B91: Sextondelsfinal | D91: =IF($Y$7="","",$Y$7) | E91: =IF($Y$10="","",$Y$10) | H91: =IF(OR(F91="",G91=""),"",IF(F91>G91,"1",IF(F91<G91,"2","X"))) | I91: =IF(OR(F91="",G91="",'📊 Resultat & Tabell'!K92="",'📊 Resultat & Tabell'!L92=""),"",IF(F91='📊 Resultat & Tabell'!K92,2,0)+IF(G91='📊 Resultat & Tabell'!L92,2,0)) | J91: =IF(OR(H91="",'📊 Resultat & Tabell'!M92=""),"",IF(H91='📊 Resultat & Tabell'!M92,2,0)) | K91: =IF(AND(I91="",J91=""),"",N(I91)+N(J91))
A92: 89 | B92: Åttondelsfinal | D92: =IF(OR(F76="",G76=""),"",IF(F76>G76,D76,IF(F76<G76,E76,""))) | E92: =IF(OR(F78="",G78=""),"",IF(F78>G78,D78,IF(F78<G78,E78,""))) | H92: =IF(OR(F92="",G92=""),"",IF(F92>G92,"1",IF(F92<G92,"2","X"))) | I92: =IF(OR(F92="",G92="",'📊 Resultat & Tabell'!K93="",'📊 Resultat & Tabell'!L93=""),"",IF(F92='📊 Resultat & Tabell'!K93,2,0)+IF(G92='📊 Resultat & Tabell'!L93,2,0)) | J92: =IF(OR(H92="",'📊 Resultat & Tabell'!M93=""),"",IF(H92='📊 Resultat & Tabell'!M93,2,0)) | K92: =IF(AND(I92="",J92=""),"",N(I92)+N(J92))
A93: 90 | B93: Åttondelsfinal | D93: =IF(OR(F77="",G77=""),"",IF(F77>G77,D77,IF(F77<G77,E77,""))) | E93: =IF(OR(F80="",G80=""),"",IF(F80>G80,D80,IF(F80<G80,E80,""))) | H93: =IF(OR(F93="",G93=""),"",IF(F93>G93,"1",IF(F93<G93,"2","X"))) | I93: =IF(OR(F93="",G93="",'📊 Resultat & Tabell'!K94="",'📊 Resultat & Tabell'!L94=""),"",IF(F93='📊 Resultat & Tabell'!K94,2,0)+IF(G93='📊 Resultat & Tabell'!L94,2,0)) | J93: =IF(OR(H93="",'📊 Resultat & Tabell'!M94=""),"",IF(H93='📊 Resultat & Tabell'!M94,2,0)) | K93: =IF(AND(I93="",J93=""),"",N(I93)+N(J93))
A94: 91 | B94: Åttondelsfinal | D94: =IF(OR(F79="",G79=""),"",IF(F79>G79,D79,IF(F79<G79,E79,""))) | E94: =IF(OR(F81="",G81=""),"",IF(F81>G81,D81,IF(F81<G81,E81,""))) | H94: =IF(OR(F94="",G94=""),"",IF(F94>G94,"1",IF(F94<G94,"2","X"))) | I94: =IF(OR(F94="",G94="",'📊 Resultat & Tabell'!K95="",'📊 Resultat & Tabell'!L95=""),"",IF(F94='📊 Resultat & Tabell'!K95,2,0)+IF(G94='📊 Resultat & Tabell'!L95,2,0)) | J94: =IF(OR(H94="",'📊 Resultat & Tabell'!M95=""),"",IF(H94='📊 Resultat & Tabell'!M95,2,0)) | K94: =IF(AND(I94="",J94=""),"",N(I94)+N(J94))
A95: 92 | B95: Åttondelsfinal | D95: =IF(OR(F82="",G82=""),"",IF(F82>G82,D82,IF(F82<G82,E82,""))) | E95: =IF(OR(F83="",G83=""),"",IF(F83>G83,D83,IF(F83<G83,E83,""))) | H95: =IF(OR(F95="",G95=""),"",IF(F95>G95,"1",IF(F95<G95,"2","X"))) | I95: =IF(OR(F95="",G95="",'📊 Resultat & Tabell'!K96="",'📊 Resultat & Tabell'!L96=""),"",IF(F95='📊 Resultat & Tabell'!K96,2,0)+IF(G95='📊 Resultat & Tabell'!L96,2,0)) | J95: =IF(OR(H95="",'📊 Resultat & Tabell'!M96=""),"",IF(H95='📊 Resultat & Tabell'!M96,2,0)) | K95: =IF(AND(I95="",J95=""),"",N(I95)+N(J95))
A96: 93 | B96: Åttondelsfinal | D96: =IF(OR(F86="",G86=""),"",IF(F86>G86,D86,IF(F86<G86,E86,""))) | E96: =IF(OR(F87="",G87=""),"",IF(F87>G87,D87,IF(F87<G87,E87,""))) | H96: =IF(OR(F96="",G96=""),"",IF(F96>G96,"1",IF(F96<G96,"2","X"))) | I96: =IF(OR(F96="",G96="",'📊 Resultat & Tabell'!K97="",'📊 Resultat & Tabell'!L97=""),"",IF(F96='📊 Resultat & Tabell'!K97,2,0)+IF(G96='📊 Resultat & Tabell'!L97,2,0)) | J96: =IF(OR(H96="",'📊 Resultat & Tabell'!M97=""),"",IF(H96='📊 Resultat & Tabell'!M97,2,0)) | K96: =IF(AND(I96="",J96=""),"",N(I96)+N(J96))
